{
  "type": "FeatureCollection",
  "features": [
    {
      "type": "Feature",
      "id": "WHSE_FOREST_TENURE.FTEN_ROAD_SEGMENT_LINES_SVW.fid--734e3ae_1a07f9f3c01_-2f07",
      "geometry": {
        "type": "LineString",
        "coordinates": [
          [
            -122.8606141,
            54.1675719
          ],
          [
            -122.86005246,
            54.1674409
          ],
          [
            -122.85964544,
            54.16739321
          ],
          [
            -122.85917239,
            54.16734095
          ],
          [
            -122.85869175,
            54.16731842
          ],
          [
            -122.85822648,
            54.1672547
          ],
          [
            -122.85759453,
            54.16717515
          ],
          [
            -122.85706721,
            54.16709318
          ],
          [
            -122.85672867,
            54.16699583
          ],
          [
            -122.8561434,
            54.16672139
          ],
          [
            -122.85569078,
            54.16658788
          ],
          [
            -122.85521148,
            54.16649348
          ],
          [
            -122.85451945,
            54.16625028
          ],
          [
            -122.85390736,
            54.16603837
          ],
          [
            -122.85305565,
            54.16575589
          ],
          [
            -122.85221723,
            54.1654733
          ],
          [
            -122.85131234,
            54.16515938
          ],
          [
            -122.85050076,
            54.16486908
          ],
          [
            -122.849942,
            54.16461817
          ],
          [
            -122.84947659,
            54.16437512
          ],
          [
            -122.84903817,
            54.16406182
          ],
          [
            -122.84874599,
            54.16378773
          ],
          [
            -122.8483745,
            54.1633572
          ],
          [
            -122.84802956,
            54.16297366
          ],
          [
            -122.84775095,
            54.16262921
          ],
          [
            -122.84741928,
            54.16226901
          ],
          [
            -122.84711412,
            54.16190899
          ],
          [
            -122.84694198,
            54.16164292
          ],
          [
            -122.8469162,
            54.16140828
          ],
          [
            -122.84685046,
            54.16115796
          ],
          [
            -122.84669204,
            54.16080588
          ],
          [
            -122.84640016,
            54.16046921
          ],
          [
            -122.84592192,
            54.16007766
          ],
          [
            -122.84519148,
            54.15951375
          ],
          [
            -122.84438112,
            54.15891055
          ],
          [
            -122.84371685,
            54.15840138
          ],
          [
            -122.84302619,
            54.15788443
          ],
          [
            -122.84244167,
            54.15744579
          ],
          [
            -122.84191038,
            54.15703845
          ],
          [
            -122.84169796,
            54.15687395
          ],
          [
            -122.84123361,
            54.15636504
          ],
          [
            -122.84066328,
            54.1557309
          ],
          [
            -122.84037187,
            54.15531604
          ],
          [
            -122.8398813,
            54.15474454
          ],
          [
            -122.83945657,
            54.15431392
          ],
          [
            -122.83908541,
            54.15387551
          ],
          [
            -122.83868754,
            54.1534293
          ],
          [
            -122.8383028,
            54.15301433
          ],
          [
            -122.83791837,
            54.15257591
          ],
          [
            -122.83756015,
            54.15220791
          ],
          [
            -122.8372817,
            54.15188692
          ],
          [
            -122.83708237,
            54.15176151
          ],
          [
            -122.83689634,
            54.15168309
          ],
          [
            -122.8364175,
            54.15149475
          ],
          [
            -122.83573905,
            54.15129048
          ],
          [
            -122.83482149,
            54.15095302
          ],
          [
            -122.83423621,
            54.15074104
          ],
          [
            -122.83369058,
            54.15061518
          ],
          [
            -122.83311841,
            54.15048144
          ],
          [
            -122.83253299,
            54.15033991
          ],
          [
            -122.83184112,
            54.15019034
          ],
          [
            -122.83137555,
            54.15004112
          ],
          [
            -122.83081712,
            54.14980578
          ],
          [
            -122.83029863,
            54.1495783
          ],
          [
            -122.82959395,
            54.1492879
          ],
          [
            -122.82914181,
            54.14910744
          ],
          [
            -122.82879623,
            54.14895837
          ],
          [
            -122.82855683,
            54.14888766
          ],
          [
            -122.82829058,
            54.14886375
          ],
          [
            -122.8279842,
            54.14885552
          ],
          [
            -122.82697209,
            54.14885409
          ],
          [
            -122.82646595,
            54.14886903
          ],
          [
            -122.82592002,
            54.14882912
          ],
          [
            -122.82520085,
            54.14882033
          ],
          [
            -122.82420187,
            54.14887361
          ],
          [
            -122.8233947,
            54.14893072
          ],
          [
            -122.82292427,
            54.14895736
          ]
        ]
      },
      "geometry_name": "GEOMETRY",
      "properties": {
        "FOREST_FILE_ID": "R01508",
        "ROAD_SECTION_ID": "W1",
        "START_STATION": 0,
        "END_STATION": 3.4698,
        "TIMBER_MARK": "R1508",
        "ROAD_RESPONSIBILITY_TYPE_CODE": null,
        "RETIREMENT_DATE": "2019-08-21Z",
        "FEATURE_LENGTH": 3.4698,
        "FEATURE_CLASS_SKEY": 767,
        "FILE_STATUS_CODE": "HI",
        "FILE_TYPE_CODE": "B01",
        "FILE_TYPE_DESCRIPTION": "Road Permit",
        "GEOGRAPHIC_DISTRICT_CODE": "DPG",
        "GEOGRAPHIC_DISTRICT_NAME": "Prince George Natural Resource District",
        "CLIENT_NUMBER": "00002015",
        "CLIENT_NAME": "LAKELAND MILLS LTD.",
        "LIFE_CYCLE_STATUS_CODE": "RETIRED",
        "MAP_LABEL": "R01508 W10",
        "FEATURE_LENGTH_M": 3469.8,
        "OBJECTID": 1648001,
        "SE_ANNO_CAD_DATA": null
      }
    },
    {
      "type": "Feature",
      "id": "WHSE_FOREST_TENURE.FTEN_ROAD_SEGMENT_LINES_SVW.fid--734e3ae_1a07f9f3c01_-2f06",
      "geometry": {
        "type": "LineString",
        "coordinates": [
          [
            -122.94374068,
            54.13737002
          ],
          [
            -122.9437068,
            54.13741573
          ],
          [
            -122.94360667,
            54.13758557
          ],
          [
            -122.94356104,
            54.13766579
          ],
          [
            -122.94348408,
            54.13779112
          ],
          [
            -122.94342988,
            54.13788303
          ],
          [
            -122.94337284,
            54.137995
          ],
          [
            -122.94333575,
            54.13807353
          ],
          [
            -122.94329921,
            54.1382043
          ],
          [
            -122.94326564,
            54.13839611
          ],
          [
            -122.94324964,
            54.1386435
          ],
          [
            -122.94326646,
            54.1388374
          ],
          [
            -122.94326918,
            54.138931
          ],
          [
            -122.94327938,
            54.13899006
          ],
          [
            -122.94331734,
            54.13907981
          ],
          [
            -122.9433514,
            54.13912996
          ],
          [
            -122.9434025,
            54.13921022
          ],
          [
            -122.94348898,
            54.13931746
          ],
          [
            -122.94355577,
            54.13938543
          ],
          [
            -122.94369428,
            54.13949313
          ],
          [
            -122.94393455,
            54.13966073
          ]
        ]
      },
      "geometry_name": "GEOMETRY",
      "properties": {
        "FOREST_FILE_ID": "R17086",
        "ROAD_SECTION_ID": "C",
        "START_STATION": 0,
        "END_STATION": 0.2729,
        "TIMBER_MARK": "84118",
        "ROAD_RESPONSIBILITY_TYPE_CODE": null,
        "RETIREMENT_DATE": "2011-04-13Z",
        "FEATURE_LENGTH": 0.2729,
        "FEATURE_CLASS_SKEY": 767,
        "FILE_STATUS_CODE": "HC",
        "FILE_TYPE_CODE": "B01",
        "FILE_TYPE_DESCRIPTION": "Road Permit",
        "GEOGRAPHIC_DISTRICT_CODE": "DPG",
        "GEOGRAPHIC_DISTRICT_NAME": "Prince George Natural Resource District",
        "CLIENT_NUMBER": "00164638",
        "CLIENT_NAME": "DOLLAR SAVER LUMBER LTD.",
        "LIFE_CYCLE_STATUS_CODE": "RETIRED",
        "MAP_LABEL": "R17086 C0",
        "FEATURE_LENGTH_M": 272.8682,
        "OBJECTID": 1684383,
        "SE_ANNO_CAD_DATA": null
      }
    },
    {
      "type": "Feature",
      "id": "WHSE_FOREST_TENURE.FTEN_ROAD_SEGMENT_LINES_SVW.fid--734e3ae_1a07f9f3c01_-2f05",
      "geometry": {
        "type": "LineString",
        "coordinates": [
          [
            -122.93865628,
            54.13601832
          ],
          [
            -122.93872816,
            54.13598579
          ],
          [
            -122.93886827,
            54.13591752
          ],
          [
            -122.93890058,
            54.13589931
          ],
          [
            -122.939189,
            54.13573679
          ],
          [
            -122.93923968,
            54.1357038
          ],
          [
            -122.93937112,
            54.13562126
          ],
          [
            -122.93954829,
            54.13551003
          ],
          [
            -122.93987217,
            54.13533399
          ],
          [
            -122.94002764,
            54.13524315
          ],
          [
            -122.94033576,
            54.13505654
          ],
          [
            -122.94040708,
            54.13501933
          ]
        ]
      },
      "geometry_name": "GEOMETRY",
      "properties": {
        "FOREST_FILE_ID": "R17086",
        "ROAD_SECTION_ID": "B",
        "START_STATION": 0,
        "END_STATION": 0.1597,
        "TIMBER_MARK": "84118",
        "ROAD_RESPONSIBILITY_TYPE_CODE": null,
        "RETIREMENT_DATE": "2011-04-13Z",
        "FEATURE_LENGTH": 0.1597,
        "FEATURE_CLASS_SKEY": 767,
        "FILE_STATUS_CODE": "HC",
        "FILE_TYPE_CODE": "B01",
        "FILE_TYPE_DESCRIPTION": "Road Permit",
        "GEOGRAPHIC_DISTRICT_CODE": "DPG",
        "GEOGRAPHIC_DISTRICT_NAME": "Prince George Natural Resource District",
        "CLIENT_NUMBER": "00164638",
        "CLIENT_NAME": "DOLLAR SAVER LUMBER LTD.",
        "LIFE_CYCLE_STATUS_CODE": "RETIRED",
        "MAP_LABEL": "R17086 B0",
        "FEATURE_LENGTH_M": 159.7,
        "OBJECTID": 1684382,
        "SE_ANNO_CAD_DATA": null
      }
    },
    {
      "type": "Feature",
      "id": "WHSE_FOREST_TENURE.FTEN_ROAD_SEGMENT_LINES_SVW.fid--734e3ae_1a07f9f3c01_-2f04",
      "geometry": {
        "type": "LineString",
        "coordinates": [
          [
            -122.93138886,
            54.15224587
          ],
          [
            -122.93129691,
            54.15228176
          ],
          [
            -122.9312205,
            54.15226377
          ],
          [
            -122.9308992,
            54.15211976
          ],
          [
            -122.93054708,
            54.15202969
          ],
          [
            -122.93030218,
            54.15200258
          ],
          [
            -122.92999582,
            54.15204733
          ],
          [
            -122.9296283,
            54.15212798
          ],
          [
            -122.92935259,
            54.15220872
          ],
          [
            -122.92929129,
            54.15222662
          ],
          [
            -122.92893886,
            54.15232535
          ],
          [
            -122.92890822,
            54.15234325
          ],
          [
            -122.9285253,
            54.15242391
          ],
          [
            -122.9283722,
            54.15245981
          ],
          [
            -122.92800454,
            54.15252247
          ],
          [
            -122.92792797,
            54.15254046
          ],
          [
            -122.92746851,
            54.15263006
          ],
          [
            -122.92716215,
            54.15268376
          ],
          [
            -122.92677923,
            54.15276441
          ],
          [
            -122.92670268,
            54.15278231
          ],
          [
            -122.92633502,
            54.15287201
          ],
          [
            -122.92595194,
            54.15296169
          ],
          [
            -122.92573753,
            54.1530154
          ],
          [
            -122.92536986,
            54.15309615
          ],
          [
            -122.92527806,
            54.153105
          ],
          [
            -122.92492565,
            54.15318574
          ],
          [
            -122.92486435,
            54.15321259
          ],
          [
            -122.92452733,
            54.15332923
          ],
          [
            -122.92451208,
            54.15332923
          ],
          [
            -122.92422081,
            54.15349088
          ],
          [
            -122.92419017,
            54.15350878
          ],
          [
            -122.92411361,
            54.15351773
          ],
          [
            -122.92385315,
            54.15357153
          ],
          [
            -122.92308732,
            54.15371484
          ],
          [
            -122.92304141,
            54.15372379
          ],
          [
            -122.92265849,
            54.15378645
          ],
          [
            -122.92259719,
            54.15379541
          ],
          [
            -122.92233673,
            54.15382208
          ],
          [
            -122.92224493,
            54.15381311
          ],
          [
            -122.92206118,
            54.15380408
          ],
          [
            -122.92196938,
            54.15379495
          ],
          [
            -122.92166316,
            54.15379477
          ],
          [
            -122.921265,
            54.15382154
          ],
          [
            -122.92117304,
            54.15383944
          ],
          [
            -122.92079028,
            54.1538661
          ],
          [
            -122.92077488,
            54.15386611
          ],
          [
            -122.92017755,
            54.15391964
          ],
          [
            -122.91987134,
            54.15393744
          ],
          [
            -122.91977939,
            54.15394631
          ],
          [
            -122.91964153,
            54.15396421
          ],
          [
            -122.91922812,
            54.15399089
          ],
          [
            -122.91889126,
            54.1540087
          ],
          [
            -122.9186921,
            54.15401755
          ],
          [
            -122.91835523,
            54.15404424
          ],
          [
            -122.91817148,
            54.15407109
          ],
          [
            -122.91800282,
            54.15412488
          ],
          [
            -122.91786495,
            54.15418771
          ],
          [
            -122.91768105,
            54.15425949
          ],
          [
            -122.9174206,
            54.15431321
          ],
          [
            -122.91723668,
            54.15437604
          ],
          [
            -122.91691491,
            54.15451065
          ],
          [
            -122.9167923,
            54.15455551
          ],
          [
            -122.9164399,
            54.15466309
          ],
          [
            -122.91640924,
            54.15467204
          ],
          [
            -122.91633269,
            54.15468994
          ],
          [
            -122.91608763,
            54.15474373
          ],
          [
            -122.91591896,
            54.15481552
          ]
        ]
      },
      "geometry_name": "GEOMETRY",
      "properties": {
        "FOREST_FILE_ID": "R01508",
        "ROAD_SECTION_ID": "L",
        "START_STATION": 0,
        "END_STATION": 1.0856,
        "TIMBER_MARK": "R1508",
        "ROAD_RESPONSIBILITY_TYPE_CODE": null,
        "RETIREMENT_DATE": null,
        "FEATURE_LENGTH": 1.0856,
        "FEATURE_CLASS_SKEY": 767,
        "FILE_STATUS_CODE": "HI",
        "FILE_TYPE_CODE": "B01",
        "FILE_TYPE_DESCRIPTION": "Road Permit",
        "GEOGRAPHIC_DISTRICT_CODE": "DPG",
        "GEOGRAPHIC_DISTRICT_NAME": "Prince George Natural Resource District",
        "CLIENT_NUMBER": "00002015",
        "CLIENT_NAME": "LAKELAND MILLS LTD.",
        "LIFE_CYCLE_STATUS_CODE": "ACTIVE",
        "MAP_LABEL": "R01508 L0",
        "FEATURE_LENGTH_M": 1085.5992,
        "OBJECTID": 1648239,
        "SE_ANNO_CAD_DATA": null
      }
    },
    {
      "type": "Feature",
      "id": "WHSE_FOREST_TENURE.FTEN_ROAD_SEGMENT_LINES_SVW.fid--734e3ae_1a07f9f3c01_-2f03",
      "geometry": {
        "type": "LineString",
        "coordinates": [
          [
            -122.90653882,
            54.13136084
          ],
          [
            -122.90691854,
            54.13138968
          ],
          [
            -122.90723008,
            54.13136136
          ],
          [
            -122.90772678,
            54.13132742
          ],
          [
            -122.90791235,
            54.13132242
          ],
          [
            -122.9083401,
            54.13131076
          ],
          [
            -122.90885599,
            54.1313353
          ],
          [
            -122.90919682,
            54.13135143
          ],
          [
            -122.91011179,
            54.13137498
          ],
          [
            -122.91048175,
            54.13137525
          ],
          [
            -122.91066687,
            54.13134686
          ],
          [
            -122.91080564,
            54.131356
          ],
          [
            -122.91084209,
            54.13135841
          ],
          [
            -122.9110562,
            54.13136424
          ],
          [
            -122.91145528,
            54.13139315
          ],
          [
            -122.91175706,
            54.13141617
          ],
          [
            -122.91182707,
            54.13142218
          ],
          [
            -122.91223408,
            54.13145657
          ],
          [
            -122.91273045,
            54.13149123
          ],
          [
            -122.91307111,
            54.13153151
          ],
          [
            -122.91326585,
            54.13154308
          ],
          [
            -122.9134118,
            54.13157175
          ],
          [
            -122.91375262,
            54.13158337
          ],
          [
            -122.91390832,
            54.13161213
          ],
          [
            -122.91412242,
            54.13164087
          ],
          [
            -122.91446309,
            54.13166398
          ],
          [
            -122.91459926,
            54.13169265
          ],
          [
            -122.9148817,
            54.13170428
          ],
          [
            -122.91510069,
            54.13170124
          ],
          [
            -122.91528078,
            54.13169882
          ],
          [
            -122.91610822,
            54.13176222
          ],
          [
            -122.91618903,
            54.13176626
          ],
          [
            -122.91645865,
            54.13177968
          ],
          [
            -122.91654175,
            54.13185447
          ],
          [
            -122.91716561,
            54.13201934
          ],
          [
            -122.91738643,
            54.13215959
          ],
          [
            -122.91741113,
            54.13217534
          ],
          [
            -122.91754365,
            54.13229957
          ],
          [
            -122.91784804,
            54.13242092
          ],
          [
            -122.91820197,
            54.13248754
          ],
          [
            -122.91860975,
            54.13254272
          ],
          [
            -122.91869011,
            54.13254388
          ],
          [
            -122.9190227,
            54.13254871
          ],
          [
            -122.91942102,
            54.13251146
          ],
          [
            -122.91996192,
            54.13241662
          ],
          [
            -122.92046333,
            54.13237945
          ],
          [
            -122.92086148,
            54.13236816
          ],
          [
            -122.92136855,
            54.13234461
          ],
          [
            -122.92137616,
            54.13234425
          ],
          [
            -122.9220482,
            54.13231238
          ],
          [
            -122.92271095,
            54.13231273
          ],
          [
            -122.92330143,
            54.13232626
          ],
          [
            -122.92373587,
            54.13229706
          ],
          [
            -122.92388472,
            54.1322701
          ],
          [
            -122.92427647,
            54.13219927
          ],
          [
            -122.92455507,
            54.13212753
          ],
          [
            -122.92486709,
            54.13207218
          ],
          [
            -122.92527929,
            54.13202661
          ],
          [
            -122.92558031,
            54.13195487
          ],
          [
            -122.92596476,
            54.13188967
          ],
          [
            -122.92650503,
            54.13186388
          ],
          [
            -122.92690062,
            54.13184775
          ],
          [
            -122.92729786,
            54.13186593
          ],
          [
            -122.92733507,
            54.13186764
          ],
          [
            -122.92771281,
            54.13191071
          ],
          [
            -122.92786393,
            54.13190731
          ],
          [
            -122.92796792,
            54.13190471
          ],
          [
            -122.92811495,
            54.13190023
          ],
          [
            -122.92824426,
            54.13189512
          ],
          [
            -122.92839461,
            54.13190955
          ],
          [
            -122.92858493,
            54.1319169
          ],
          [
            -122.92888229,
            54.13190498
          ],
          [
            -122.92911577,
            54.13188492
          ],
          [
            -122.92920544,
            54.13188939
          ],
          [
            -122.92937897,
            54.13190311
          ],
          [
            -122.92961823,
            54.13192209
          ],
          [
            -122.92970638,
            54.13191859
          ],
          [
            -122.92979468,
            54.13192271
          ],
          [
            -122.92995557,
            54.13192485
          ]
        ]
      },
      "geometry_name": "GEOMETRY",
      "properties": {
        "FOREST_FILE_ID": "R02869",
        "ROAD_SECTION_ID": "5A",
        "START_STATION": 0,
        "END_STATION": 1.5735,
        "TIMBER_MARK": "R2869",
        "ROAD_RESPONSIBILITY_TYPE_CODE": null,
        "RETIREMENT_DATE": null,
        "FEATURE_LENGTH": 1.5735,
        "FEATURE_CLASS_SKEY": 767,
        "FILE_STATUS_CODE": "HI",
        "FILE_TYPE_CODE": "B01",
        "FILE_TYPE_DESCRIPTION": "Road Permit",
        "GEOGRAPHIC_DISTRICT_CODE": "DPG",
        "GEOGRAPHIC_DISTRICT_NAME": "Prince George Natural Resource District",
        "CLIENT_NUMBER": "00158709",
        "CLIENT_NAME": "0823647 B.C. LTD.",
        "LIFE_CYCLE_STATUS_CODE": "ACTIVE",
        "MAP_LABEL": "R02869 5A0",
        "FEATURE_LENGTH_M": 1573.5,
        "OBJECTID": 1644416,
        "SE_ANNO_CAD_DATA": null
      }
    },
    {
      "type": "Feature",
      "id": "WHSE_FOREST_TENURE.FTEN_ROAD_SEGMENT_LINES_SVW.fid--734e3ae_1a07f9f3c01_-2f02",
      "geometry": {
        "type": "LineString",
        "coordinates": [
          [
            -122.8475649,
            54.15198712
          ],
          [
            -122.84756709,
            54.15198676
          ],
          [
            -122.84773901,
            54.15187633
          ],
          [
            -122.84798601,
            54.15176873
          ],
          [
            -122.84809838,
            54.15169518
          ],
          [
            -122.8481661,
            54.15164406
          ],
          [
            -122.84820628,
            54.15161373
          ],
          [
            -122.84829625,
            54.15153225
          ],
          [
            -122.84835036,
            54.15145073
          ],
          [
            -122.84842698,
            54.15134029
          ],
          [
            -122.84845427,
            54.15123505
          ],
          [
            -122.84845457,
            54.15115346
          ],
          [
            -122.84843245,
            54.15106921
          ],
          [
            -122.84832134,
            54.15080062
          ],
          [
            -122.84827703,
            54.15065844
          ],
          [
            -122.84823699,
            54.15057153
          ],
          [
            -122.8482328,
            54.15048994
          ],
          [
            -122.84828259,
            54.15036104
          ],
          [
            -122.84837739,
            54.15018746
          ],
          [
            -122.84846301,
            54.15006343
          ],
          [
            -122.84887384,
            54.14991322
          ],
          [
            -122.84914459,
            54.14980615
          ],
          [
            -122.8494689,
            54.14967932
          ],
          [
            -122.84978875,
            54.14955026
          ],
          [
            -122.85010732,
            54.14945151
          ],
          [
            -122.85058081,
            54.14934635
          ],
          [
            -122.85117376,
            54.14917167
          ],
          [
            -122.85147821,
            54.14908754
          ],
          [
            -122.85184043,
            54.1489668
          ],
          [
            -122.85222944,
            54.14885822
          ],
          [
            -122.85246338,
            54.14880068
          ],
          [
            -122.852593,
            54.14877936
          ],
          [
            -122.85280702,
            54.14877797
          ],
          [
            -122.85313799,
            54.14877808
          ],
          [
            -122.85331544,
            54.14876672
          ],
          [
            -122.85352112,
            54.14873558
          ],
          [
            -122.85377478,
            54.14867145
          ],
          [
            -122.8539947,
            54.14859736
          ],
          [
            -122.85418083,
            54.14851992
          ],
          [
            -122.85444704,
            54.14837093
          ],
          [
            -122.85480526,
            54.14820613
          ],
          [
            -122.85505353,
            54.14807589
          ],
          [
            -122.85531381,
            54.14795158
          ],
          [
            -122.85555643,
            54.14782134
          ],
          [
            -122.85592309,
            54.14765489
          ],
          [
            -122.85615173,
            54.14755139
          ],
          [
            -122.85640083,
            54.14743824
          ],
          [
            -122.8567817,
            54.14723215
          ],
          [
            -122.85709551,
            54.14703597
          ],
          [
            -122.85717207,
            54.14698957
          ],
          [
            -122.85723841,
            54.14694935
          ],
          [
            -122.85725916,
            54.14693588
          ],
          [
            -122.85741312,
            54.14683591
          ],
          [
            -122.85773155,
            54.14663634
          ],
          [
            -122.85785494,
            54.14654255
          ],
          [
            -122.85797521,
            54.14642793
          ],
          [
            -122.8581046,
            54.14630565
          ],
          [
            -122.85820868,
            54.14620267
          ],
          [
            -122.85833592,
            54.14610186
          ],
          [
            -122.8584633,
            54.14601749
          ],
          [
            -122.85851103,
            54.14598374
          ],
          [
            -122.85857973,
            54.14593957
          ],
          [
            -122.85868106,
            54.14587533
          ],
          [
            -122.85887562,
            54.14575151
          ],
          [
            -122.85906122,
            54.14564307
          ],
          [
            -122.85934116,
            54.14548354
          ],
          [
            -122.85967038,
            54.14530598
          ],
          [
            -122.8597522,
            54.14526185
          ],
          [
            -122.86011714,
            54.1450827
          ],
          [
            -122.86038844,
            54.14493039
          ],
          [
            -122.86039634,
            54.14492434
          ],
          [
            -122.86055207,
            54.14485574
          ]
        ]
      },
      "geometry_name": "GEOMETRY",
      "properties": {
        "FOREST_FILE_ID": "R19096",
        "ROAD_SECTION_ID": "A",
        "START_STATION": 0,
        "END_STATION": 1.242,
        "TIMBER_MARK": "83247",
        "ROAD_RESPONSIBILITY_TYPE_CODE": null,
        "RETIREMENT_DATE": "2015-01-14Z",
        "FEATURE_LENGTH": 1.242,
        "FEATURE_CLASS_SKEY": 767,
        "FILE_STATUS_CODE": "HC",
        "FILE_TYPE_CODE": "B01",
        "FILE_TYPE_DESCRIPTION": "Road Permit",
        "GEOGRAPHIC_DISTRICT_CODE": "DPG",
        "GEOGRAPHIC_DISTRICT_NAME": "Prince George Natural Resource District",
        "CLIENT_NUMBER": "00150302",
        "CLIENT_NAME": "HYON BEDDING LTD.",
        "LIFE_CYCLE_STATUS_CODE": "RETIRED",
        "MAP_LABEL": "R19096 A0",
        "FEATURE_LENGTH_M": 1242.0004,
        "OBJECTID": 1706703,
        "SE_ANNO_CAD_DATA": null
      }
    },
    {
      "type": "Feature",
      "id": "WHSE_FOREST_TENURE.FTEN_ROAD_SEGMENT_LINES_SVW.fid--734e3ae_1a07f9f3c01_-2f01",
      "geometry": {
        "type": "LineString",
        "coordinates": [
          [
            -122.86039634,
            54.14492434
          ],
          [
            -122.86041892,
            54.14489724
          ],
          [
            -122.86044412,
            54.14486967
          ],
          [
            -122.86049397,
            54.14478342
          ],
          [
            -122.86052986,
            54.14469846
          ],
          [
            -122.8605503,
            54.1445714
          ],
          [
            -122.86057446,
            54.14442132
          ],
          [
            -122.86058618,
            54.14424945
          ],
          [
            -122.86059829,
            54.14403026
          ],
          [
            -122.86056003,
            54.14383686
          ],
          [
            -122.86052571,
            54.14374664
          ],
          [
            -122.86051003,
            54.14364316
          ],
          [
            -122.8605069,
            54.14348734
          ],
          [
            -122.86050061,
            54.14317554
          ],
          [
            -122.86052941,
            54.14300117
          ],
          [
            -122.86051883,
            54.14290813
          ],
          [
            -122.86051132,
            54.14289355
          ],
          [
            -122.86048293,
            54.14283848
          ],
          [
            -122.8603506,
            54.14272168
          ],
          [
            -122.86030308,
            54.14269029
          ],
          [
            -122.86017076,
            54.14260287
          ],
          [
            -122.86011661,
            54.14256709
          ],
          [
            -122.86003124,
            54.14251069
          ],
          [
            -122.85997226,
            54.14247173
          ],
          [
            -122.85962533,
            54.14224259
          ],
          [
            -122.85961092,
            54.14223066
          ],
          [
            -122.85953336,
            54.1421664
          ],
          [
            -122.85948392,
            54.14212544
          ],
          [
            -122.85946291,
            54.14211449
          ],
          [
            -122.85933413,
            54.14204738
          ],
          [
            -122.85926885,
            54.14201336
          ],
          [
            -122.85884184,
            54.14185791
          ],
          [
            -122.85863932,
            54.14178058
          ],
          [
            -122.85830712,
            54.14169424
          ],
          [
            -122.85811433,
            54.14164328
          ],
          [
            -122.857854,
            54.14158499
          ],
          [
            -122.85772056,
            54.1415546
          ],
          [
            -122.85761424,
            54.14151324
          ],
          [
            -122.85755162,
            54.14148888
          ],
          [
            -122.85743754,
            54.14144431
          ],
          [
            -122.85720387,
            54.14131388
          ],
          [
            -122.85704741,
            54.14128233
          ],
          [
            -122.85683612,
            54.14127545
          ],
          [
            -122.85674443,
            54.14129584
          ]
        ]
      },
      "geometry_name": "GEOMETRY",
      "properties": {
        "FOREST_FILE_ID": "R19096",
        "ROAD_SECTION_ID": "B",
        "START_STATION": 0,
        "END_STATION": 0.545,
        "TIMBER_MARK": "83247",
        "ROAD_RESPONSIBILITY_TYPE_CODE": null,
        "RETIREMENT_DATE": "2015-01-14Z",
        "FEATURE_LENGTH": 0.545,
        "FEATURE_CLASS_SKEY": 767,
        "FILE_STATUS_CODE": "HC",
        "FILE_TYPE_CODE": "B01",
        "FILE_TYPE_DESCRIPTION": "Road Permit",
        "GEOGRAPHIC_DISTRICT_CODE": "DPG",
        "GEOGRAPHIC_DISTRICT_NAME": "Prince George Natural Resource District",
        "CLIENT_NUMBER": "00150302",
        "CLIENT_NAME": "HYON BEDDING LTD.",
        "LIFE_CYCLE_STATUS_CODE": "RETIRED",
        "MAP_LABEL": "R19096 B0",
        "FEATURE_LENGTH_M": 545.0003,
        "OBJECTID": 1706704,
        "SE_ANNO_CAD_DATA": null
      }
    },
    {
      "type": "Feature",
      "id": "WHSE_FOREST_TENURE.FTEN_ROAD_SEGMENT_LINES_SVW.fid--734e3ae_1a07f9f3c01_-2f00",
      "geometry": {
        "type": "LineString",
        "coordinates": [
          [
            -122.86931548,
            54.04045841
          ],
          [
            -122.86952897,
            54.04057546
          ],
          [
            -122.86966592,
            54.04070147
          ],
          [
            -122.86992485,
            54.04091744
          ],
          [
            -122.87012293,
            54.04104354
          ],
          [
            -122.87026019,
            54.04112449
          ],
          [
            -122.87038202,
            54.04121451
          ],
          [
            -122.87059537,
            54.04137651
          ],
          [
            -122.87070197,
            54.04144858
          ],
          [
            -122.87097646,
            54.04159264
          ],
          [
            -122.87123555,
            54.04176372
          ],
          [
            -122.8713118,
            54.04179073
          ],
          [
            -122.87154039,
            54.0419618
          ],
          [
            -122.87166223,
            54.04204284
          ],
          [
            -122.87189097,
            54.04214193
          ],
          [
            -122.87224156,
            54.04234002
          ],
          [
            -122.8723178,
            54.04238507
          ],
          [
            -122.8726074,
            54.04257408
          ],
          [
            -122.87275989,
            54.04264615
          ],
          [
            -122.87288188,
            54.0427272
          ],
          [
            -122.87324772,
            54.04293426
          ],
          [
            -122.87340007,
            54.04306924
          ],
          [
            -122.87361356,
            54.04315935
          ],
          [
            -122.87388805,
            54.04327647
          ],
          [
            -122.87408599,
            54.0434565
          ],
          [
            -122.87411618,
            54.04357336
          ],
          [
            -122.87413128,
            54.04363627
          ],
          [
            -122.87420707,
            54.043861
          ],
          [
            -122.87420676,
            54.0439599
          ],
          [
            -122.87425205,
            54.04412171
          ],
          [
            -122.8742519,
            54.04417566
          ],
          [
            -122.87429734,
            54.04427456
          ],
          [
            -122.87437344,
            54.04435551
          ],
          [
            -122.87448034,
            54.04440057
          ],
          [
            -122.87451084,
            54.04440065
          ],
          [
            -122.87466348,
            54.04440981
          ],
          [
            -122.87478579,
            54.0443648
          ],
          [
            -122.87487775,
            54.04428415
          ],
          [
            -122.8750156,
            54.04413149
          ],
          [
            -122.87513821,
            54.04397877
          ],
          [
            -122.87523001,
            54.04391602
          ],
          [
            -122.87532181,
            54.0438802
          ],
          [
            -122.87542871,
            54.04386235
          ],
          [
            -122.87556611,
            54.04387141
          ],
          [
            -122.87570351,
            54.04389851
          ],
          [
            -122.8758714,
            54.04391673
          ],
          [
            -122.87599355,
            54.04395281
          ],
          [
            -122.87610014,
            54.04402479
          ],
          [
            -122.87632873,
            54.04421364
          ],
          [
            -122.87642008,
            54.04430373
          ],
          [
            -122.87654207,
            54.04435775
          ],
          [
            -122.87667948,
            54.04436692
          ],
          [
            -122.87706132,
            54.04434932
          ],
          [
            -122.87719887,
            54.04434949
          ],
          [
            -122.87747367,
            54.04434976
          ],
          [
            -122.87756532,
            54.04434985
          ],
          [
            -122.87791653,
            54.04435919
          ],
          [
            -122.87828296,
            54.04439553
          ],
          [
            -122.87837461,
            54.04438665
          ],
          [
            -122.87845102,
            54.04439572
          ],
          [
            -122.87854266,
            54.04440478
          ],
          [
            -122.87886321,
            54.04441412
          ],
          [
            -122.87909242,
            54.04440532
          ],
          [
            -122.87942836,
            54.04440568
          ],
          [
            -122.87974905,
            54.04440595
          ],
          [
            -122.880024,
            54.04440621
          ],
          [
            -122.88040555,
            54.0444606
          ],
          [
            -122.88069575,
            54.04448779
          ],
          [
            -122.88083315,
            54.0445149
          ],
          [
            -122.88095514,
            54.044542
          ],
          [
            -122.88103153,
            54.04454209
          ],
          [
            -122.88132159,
            54.04456031
          ],
          [
            -122.88165769,
            54.04456067
          ],
          [
            -122.88181033,
            54.04456085
          ],
          [
            -122.88217694,
            54.04456121
          ],
          [
            -122.88243649,
            54.0445884
          ],
          [
            -122.88261964,
            54.04458858
          ],
          [
            -122.88287917,
            54.04463372
          ],
          [
            -122.88319973,
            54.04470596
          ],
          [
            -122.88327596,
            54.04471504
          ],
          [
            -122.88341337,
            54.04473316
          ],
          [
            -122.88352027,
            54.04476018
          ],
          [
            -122.88362701,
            54.04480522
          ],
          [
            -122.88388641,
            54.04489542
          ],
          [
            -122.88411531,
            54.04495852
          ],
          [
            -122.8842068,
            54.04498552
          ],
          [
            -122.88432879,
            54.04504862
          ],
          [
            -122.88449639,
            54.04521958
          ],
          [
            -122.88463332,
            54.04539932
          ],
          [
            -122.88481617,
            54.04556142
          ],
          [
            -122.88489242,
            54.04559741
          ],
          [
            -122.88521282,
            54.04571453
          ],
          [
            -122.88528906,
            54.04573265
          ],
          [
            -122.88560961,
            54.04581378
          ],
          [
            -122.8858234,
            54.04584098
          ],
          [
            -122.88605245,
            54.04586817
          ],
          [
            -122.88625085,
            54.04588629
          ],
          [
            -122.88643414,
            54.04589544
          ],
          [
            -122.88664795,
            54.04590469
          ],
          [
            -122.88695339,
            54.04589598
          ],
          [
            -122.88725869,
            54.04592318
          ],
          [
            -122.88744198,
            54.04592336
          ],
          [
            -122.88779334,
            54.04592371
          ],
          [
            -122.88812928,
            54.04592399
          ],
          [
            -122.88835817,
            54.04600512
          ],
          [
            -122.88852608,
            54.04605923
          ],
          [
            -122.88867858,
            54.04614027
          ],
          [
            -122.88875482,
            54.04617626
          ],
          [
            -122.88883107,
            54.0461943
          ],
          [
            -122.88896831,
            54.04625738
          ],
          [
            -122.8892733,
            54.04642844
          ],
          [
            -122.8894566,
            54.04645553
          ],
          [
            -122.88973155,
            54.04644683
          ],
          [
            -122.88986896,
            54.04642897
          ],
          [
            -122.88999126,
            54.04640214
          ],
          [
            -122.89012881,
            54.04635726
          ],
          [
            -122.8904039,
            54.04626771
          ],
          [
            -122.89054145,
            54.0462318
          ],
          [
            -122.89080131,
            54.04616917
          ],
          [
            -122.8908318,
            54.04616916
          ],
          [
            -122.89089296,
            54.04616927
          ],
          [
            -122.89109135,
            54.0462143
          ],
          [
            -122.8912591,
            54.04633133
          ],
          [
            -122.89139619,
            54.04643017
          ],
          [
            -122.89144178,
            54.04655624
          ],
          [
            -122.89142609,
            54.04671794
          ],
          [
            -122.89144087,
            54.04689778
          ],
          [
            -122.89153236,
            54.04695172
          ],
          [
            -122.89176157,
            54.04692498
          ],
          [
            -122.89211292,
            54.04684439
          ],
          [
            -122.89243378,
            54.04680876
          ],
          [
            -122.89257132,
            54.04679987
          ],
          [
            -122.89283102,
            54.04676416
          ],
          [
            -122.89301447,
            54.04671937
          ],
          [
            -122.89310612,
            54.04670152
          ],
          [
            -122.89342698,
            54.04662991
          ]
        ]
      },
      "geometry_name": "GEOMETRY",
      "properties": {
        "FOREST_FILE_ID": "7695",
        "ROAD_SECTION_ID": "02",
        "START_STATION": 0,
        "END_STATION": 2.0208,
        "TIMBER_MARK": null,
        "ROAD_RESPONSIBILITY_TYPE_CODE": "OS",
        "RETIREMENT_DATE": null,
        "FEATURE_LENGTH": 2.0208,
        "FEATURE_CLASS_SKEY": 558,
        "FILE_STATUS_CODE": "HI",
        "FILE_TYPE_CODE": "B40",
        "FILE_TYPE_DESCRIPTION": "Forest Service Road",
        "GEOGRAPHIC_DISTRICT_CODE": "DPG",
        "GEOGRAPHIC_DISTRICT_NAME": "Prince George Natural Resource District",
        "CLIENT_NUMBER": "00030042",
        "CLIENT_NAME": "PRINCE GEORGE FOREST DISTRICT ",
        "LIFE_CYCLE_STATUS_CODE": "ACTIVE",
        "MAP_LABEL": "7695 020",
        "FEATURE_LENGTH_M": 2020.7639,
        "OBJECTID": 1665616,
        "SE_ANNO_CAD_DATA": null
      }
    },
    {
      "type": "Feature",
      "id": "WHSE_FOREST_TENURE.FTEN_ROAD_SEGMENT_LINES_SVW.fid--734e3ae_1a07f9f3c01_-2eff",
      "geometry": {
        "type": "LineString",
        "coordinates": [
          [
            -122.9274769,
            54.04505777
          ],
          [
            -122.92750272,
            54.04506401
          ],
          [
            -122.9276099,
            54.04509083
          ],
          [
            -122.92783959,
            54.04511853
          ],
          [
            -122.92813003,
            54.04512759
          ],
          [
            -122.92838856,
            54.045128
          ],
          [
            -122.92875443,
            54.04510143
          ],
          [
            -122.92887773,
            54.04509166
          ],
          [
            -122.92912304,
            54.04503792
          ],
          [
            -122.92944377,
            54.04494854
          ],
          [
            -122.92981046,
            54.04485921
          ],
          [
            -122.93006915,
            54.0448058
          ],
          [
            -122.93034387,
            54.04474271
          ],
          [
            -122.93061984,
            54.04468862
          ],
          [
            -122.93089449,
            54.04465244
          ],
          [
            -122.93093916,
            54.04464404
          ],
          [
            -122.93124506,
            54.04459968
          ],
          [
            -122.93161167,
            54.04456303
          ],
          [
            -122.93175017,
            54.04455477
          ],
          [
            -122.93205486,
            54.04450085
          ],
          [
            -122.93225416,
            54.0444734
          ],
          [
            -122.93251401,
            54.04445589
          ],
          [
            -122.93266594,
            54.04444742
          ],
          [
            -122.93297051,
            54.04444673
          ],
          [
            -122.93324499,
            54.04443857
          ],
          [
            -122.93353676,
            54.04442971
          ],
          [
            -122.93390321,
            54.04442107
          ],
          [
            -122.9340258,
            54.04442082
          ],
          [
            -122.93439151,
            54.04444803
          ],
          [
            -122.93465253,
            54.04446643
          ],
          [
            -122.9347898,
            54.04447495
          ],
          [
            -122.93494165,
            54.04449337
          ],
          [
            -122.9352168,
            54.04450204
          ],
          [
            -122.9355525,
            54.04452064
          ],
          [
            -122.93588759,
            54.04454762
          ],
          [
            -122.93625454,
            54.04458383
          ],
          [
            -122.93662092,
            54.04460209
          ],
          [
            -122.93700387,
            54.04462917
          ],
          [
            -122.93706447,
            54.04463855
          ],
          [
            -122.93730829,
            54.0446565
          ],
          [
            -122.93767517,
            54.0447196
          ],
          [
            -122.93805669,
            54.04479205
          ],
          [
            -122.93825445,
            54.0448632
          ],
          [
            -122.93837732,
            54.04496272
          ],
          [
            -122.93862015,
            54.04509779
          ],
          [
            -122.93865141,
            54.0451154
          ],
          [
            -122.93877363,
            54.04522387
          ],
          [
            -122.93877407,
            54.04529562
          ],
          [
            -122.93884871,
            54.04532218
          ],
          [
            -122.93891111,
            54.04538486
          ],
          [
            -122.93895623,
            54.04544821
          ],
          [
            -122.93904779,
            54.04558281
          ],
          [
            -122.93921509,
            54.04578099
          ],
          [
            -122.93938364,
            54.04598816
          ],
          [
            -122.93952173,
            54.0461671
          ],
          [
            -122.93956559,
            54.04622146
          ],
          [
            -122.93973433,
            54.04637427
          ],
          [
            -122.93974956,
            54.04640156
          ],
          [
            -122.93979585,
            54.04650082
          ],
          [
            -122.93980953,
            54.04662672
          ],
          [
            -122.93987102,
            54.0468054
          ],
          [
            -122.93987123,
            54.04680606
          ],
          [
            -122.93987856,
            54.04682816
          ],
          [
            -122.93988929,
            54.04686862
          ],
          [
            -122.9398892,
            54.04692826
          ],
          [
            -122.93988791,
            54.04693846
          ],
          [
            -122.93987927,
            54.04700712
          ],
          [
            -122.93984927,
            54.04705409
          ],
          [
            -122.93983013,
            54.04708403
          ],
          [
            -122.93982991,
            54.04708426
          ],
          [
            -122.93975156,
            54.04716478
          ],
          [
            -122.93965997,
            54.0472186
          ],
          [
            -122.93958246,
            54.04724996
          ],
          [
            -122.93951279,
            54.04727816
          ],
          [
            -122.93923389,
            54.04741819
          ],
          [
            -122.93892727,
            54.04757216
          ],
          [
            -122.93871848,
            54.04764861
          ],
          [
            -122.93836067,
            54.04777963
          ],
          [
            -122.93793535,
            54.04793537
          ],
          [
            -122.9376158,
            54.04805238
          ],
          [
            -122.93745885,
            54.04808115
          ],
          [
            -122.93738203,
            54.04809102
          ],
          [
            -122.93708614,
            54.04812905
          ],
          [
            -122.93691937,
            54.04817897
          ],
          [
            -122.93680164,
            54.04821546
          ],
          [
            -122.93676193,
            54.04827522
          ],
          [
            -122.93673751,
            54.04835937
          ],
          [
            -122.93673744,
            54.04838627
          ],
          [
            -122.93673395,
            54.04840301
          ],
          [
            -122.93672258,
            54.04845764
          ],
          [
            -122.9367247,
            54.04847908
          ],
          [
            -122.93673684,
            54.0486015
          ],
          [
            -122.93675199,
            54.04865569
          ],
          [
            -122.93692823,
            54.0488022
          ],
          [
            -122.93702945,
            54.04887728
          ],
          [
            -122.93707517,
            54.04890616
          ],
          [
            -122.9372679,
            54.04899089
          ],
          [
            -122.93781343,
            54.04922585
          ],
          [
            -122.93787551,
            54.04925088
          ],
          [
            -122.9380584,
            54.04935293
          ],
          [
            -122.93815638,
            54.04942031
          ],
          [
            -122.93819223,
            54.0494838
          ],
          [
            -122.93826389,
            54.04965888
          ],
          [
            -122.9385706,
            54.0500476
          ],
          [
            -122.93868192,
            54.05018585
          ],
          [
            -122.93878111,
            54.05030902
          ],
          [
            -122.93878355,
            54.050312
          ]
        ]
      },
      "geometry_name": "GEOMETRY",
      "properties": {
        "FOREST_FILE_ID": "R18899",
        "ROAD_SECTION_ID": "1",
        "START_STATION": 0,
        "END_STATION": 1.525,
        "TIMBER_MARK": "89265",
        "ROAD_RESPONSIBILITY_TYPE_CODE": null,
        "RETIREMENT_DATE": "2014-01-27Z",
        "FEATURE_LENGTH": 1.525,
        "FEATURE_CLASS_SKEY": 767,
        "FILE_STATUS_CODE": "HC",
        "FILE_TYPE_CODE": "B01",
        "FILE_TYPE_DESCRIPTION": "Road Permit",
        "GEOGRAPHIC_DISTRICT_CODE": "DPG",
        "GEOGRAPHIC_DISTRICT_NAME": "Prince George Natural Resource District",
        "CLIENT_NUMBER": "00166529",
        "CLIENT_NAME": "G-WAL HOLDINGS LTD.",
        "LIFE_CYCLE_STATUS_CODE": "RETIRED",
        "MAP_LABEL": "R18899 10",
        "FEATURE_LENGTH_M": 1524.9996,
        "OBJECTID": 1708939,
        "SE_ANNO_CAD_DATA": null
      }
    },
    {
      "type": "Feature",
      "id": "WHSE_FOREST_TENURE.FTEN_ROAD_SEGMENT_LINES_SVW.fid--734e3ae_1a07f9f3c01_-2efe",
      "geometry": {
        "type": "LineString",
        "coordinates": [
          [
            -122.89923805,
            54.06490329
          ],
          [
            -122.89889305,
            54.06505095
          ],
          [
            -122.8985297,
            54.06507804
          ],
          [
            -122.89808255,
            54.06509409
          ],
          [
            -122.89770993,
            54.06510473
          ],
          [
            -122.89731868,
            54.06512084
          ],
          [
            -122.89673173,
            54.06516417
          ],
          [
            -122.89627516,
            54.06522953
          ],
          [
            -122.89612039,
            54.06527543
          ]
        ]
      },
      "geometry_name": "GEOMETRY",
      "properties": {
        "FOREST_FILE_ID": "R11689",
        "ROAD_SECTION_ID": "2A",
        "START_STATION": 0,
        "END_STATION": 0.2117,
        "TIMBER_MARK": "WAUVR1",
        "ROAD_RESPONSIBILITY_TYPE_CODE": null,
        "RETIREMENT_DATE": null,
        "FEATURE_LENGTH": 0.2117,
        "FEATURE_CLASS_SKEY": 767,
        "FILE_STATUS_CODE": "HI",
        "FILE_TYPE_CODE": "B01",
        "FILE_TYPE_DESCRIPTION": "Road Permit",
        "GEOGRAPHIC_DISTRICT_CODE": "DPG",
        "GEOGRAPHIC_DISTRICT_NAME": "Prince George Natural Resource District",
        "CLIENT_NUMBER": "00144702",
        "CLIENT_NAME": "SORINE WINTHER HOLDINGS LTD.",
        "LIFE_CYCLE_STATUS_CODE": "ACTIVE",
        "MAP_LABEL": "R11689 2A0",
        "FEATURE_LENGTH_M": 211.7,
        "OBJECTID": 1698768,
        "SE_ANNO_CAD_DATA": null
      }
    },
    {
      "type": "Feature",
      "id": "WHSE_FOREST_TENURE.FTEN_ROAD_SEGMENT_LINES_SVW.fid--734e3ae_1a07f9f3c01_-2efd",
      "geometry": {
        "type": "LineString",
        "coordinates": [
          [
            -122.8502618,
            54.06486515
          ],
          [
            -122.85047559,
            54.06491036
          ],
          [
            -122.85056708,
            54.06495539
          ],
          [
            -122.85067398,
            54.06497351
          ],
          [
            -122.85081138,
            54.06498267
          ],
          [
            -122.85119353,
            54.06497414
          ],
          [
            -122.85128519,
            54.06497415
          ],
          [
            -122.85146849,
            54.06498347
          ],
          [
            -122.85165179,
            54.06501074
          ],
          [
            -122.85181969,
            54.06505587
          ],
          [
            -122.85191119,
            54.06508295
          ],
          [
            -122.85212482,
            54.06516404
          ],
          [
            -122.85221648,
            54.06518217
          ],
          [
            -122.85247587,
            54.06529931
          ],
          [
            -122.85259787,
            54.06536238
          ],
          [
            -122.85281136,
            54.06546149
          ],
          [
            -122.85305521,
            54.06562359
          ],
          [
            -122.85320786,
            54.06569571
          ],
          [
            -122.85332984,
            54.0657767
          ],
          [
            -122.85351239,
            54.06600167
          ],
          [
            -122.85361883,
            54.06611863
          ],
          [
            -122.85375591,
            54.06623561
          ],
          [
            -122.85389331,
            54.06630772
          ],
          [
            -122.85421386,
            54.06637994
          ],
          [
            -122.85453441,
            54.06647026
          ],
          [
            -122.85471755,
            54.06653341
          ],
          [
            -122.85482445,
            54.06655152
          ],
          [
            -122.85519074,
            54.06667773
          ],
          [
            -122.85529765,
            54.06672286
          ],
          [
            -122.85549604,
            54.06679498
          ],
          [
            -122.85560295,
            54.06680412
          ],
          [
            -122.8557097,
            54.06686709
          ],
          [
            -122.85603024,
            54.06693041
          ],
          [
            -122.85635094,
            54.06698478
          ],
          [
            -122.85654948,
            54.06702988
          ],
          [
            -122.85664098,
            54.06707492
          ],
          [
            -122.85683952,
            54.06712013
          ],
          [
            -122.85693102,
            54.06715618
          ],
          [
            -122.85719026,
            54.06732724
          ],
          [
            -122.85741916,
            54.06739944
          ],
          [
            -122.85767872,
            54.0674537
          ],
          [
            -122.85783152,
            54.06748081
          ],
          [
            -122.85819812,
            54.06752618
          ],
          [
            -122.85844256,
            54.06754448
          ],
          [
            -122.85880916,
            54.06758081
          ],
          [
            -122.8589313,
            54.06759893
          ],
          [
            -122.85931316,
            54.06762637
          ],
          [
            -122.85957286,
            54.06766261
          ],
          [
            -122.8598478,
            54.06769885
          ],
          [
            -122.86000045,
            54.06771705
          ],
          [
            -122.86029081,
            54.06774432
          ],
          [
            -122.860581,
            54.06777168
          ],
          [
            -122.86082545,
            54.06779886
          ],
          [
            -122.86103925,
            54.06781717
          ],
          [
            -122.86137536,
            54.06785349
          ],
          [
            -122.86155849,
            54.06790758
          ],
          [
            -122.86171114,
            54.06796166
          ],
          [
            -122.86197054,
            54.06806086
          ],
          [
            -122.86213828,
            54.06814195
          ],
          [
            -122.86236703,
            54.06831301
          ],
          [
            -122.86242787,
            54.06837596
          ],
          [
            -122.86268711,
            54.06854701
          ],
          [
            -122.86286996,
            54.06871796
          ],
          [
            -122.86302231,
            54.06885295
          ],
          [
            -122.86312889,
            54.06897898
          ],
          [
            -122.86337274,
            54.06915898
          ],
          [
            -122.86346423,
            54.06922196
          ],
          [
            -122.86367757,
            54.06942897
          ],
          [
            -122.86375367,
            54.06949193
          ],
          [
            -122.86402815,
            54.06967203
          ],
          [
            -122.86433315,
            54.06987913
          ],
          [
            -122.86454648,
            54.07005009
          ],
          [
            -122.86469898,
            54.07016714
          ],
          [
            -122.86489707,
            54.07034704
          ],
          [
            -122.86517141,
            54.07056311
          ],
          [
            -122.86524766,
            54.07061711
          ],
          [
            -122.86536951,
            54.07073406
          ],
          [
            -122.865644,
            54.07088717
          ],
          [
            -122.86570516,
            54.07090521
          ],
          [
            -122.86576615,
            54.07091434
          ],
          [
            -122.86614816,
            54.07095066
          ],
          [
            -122.86625505,
            54.07095981
          ],
          [
            -122.86660639,
            54.07102313
          ],
          [
            -122.86698824,
            54.07106843
          ],
          [
            -122.86732435,
            54.07107785
          ],
          [
            -122.86749254,
            54.07108698
          ],
          [
            -122.86781324,
            54.07111425
          ],
          [
            -122.86810359,
            54.07115954
          ],
          [
            -122.86842445,
            54.07116888
          ],
          [
            -122.86871464,
            54.07118717
          ],
          [
            -122.86902025,
            54.07121444
          ],
          [
            -122.86931044,
            54.07124179
          ],
          [
            -122.86969229,
            54.07130511
          ],
          [
            -122.87005889,
            54.0713774
          ],
          [
            -122.8702881,
            54.07138664
          ],
          [
            -122.87053269,
            54.07137795
          ],
          [
            -122.87091485,
            54.0713244
          ],
          [
            -122.8711747,
            54.07129767
          ],
          [
            -122.8715721,
            54.07125318
          ],
          [
            -122.87169456,
            54.07123533
          ],
          [
            -122.87206147,
            54.07116386
          ],
          [
            -122.87216852,
            54.071146
          ],
          [
            -122.87253557,
            54.07103847
          ],
          [
            -122.87282622,
            54.07094896
          ],
          [
            -122.87290262,
            54.070931
          ],
          [
            -122.87323934,
            54.07077864
          ],
          [
            -122.87345359,
            54.07068894
          ],
          [
            -122.87359113,
            54.07068913
          ],
          [
            -122.87377443,
            54.07068034
          ],
          [
            -122.87404955,
            54.07067165
          ],
          [
            -122.87434004,
            54.07062698
          ],
          [
            -122.87446235,
            54.07060913
          ],
          [
            -122.87455415,
            54.07060025
          ],
          [
            -122.87484451,
            54.07059155
          ],
          [
            -122.87519616,
            54.07052903
          ],
          [
            -122.87536435,
            54.07049324
          ],
          [
            -122.87553256,
            54.0704484
          ],
          [
            -122.87589946,
            54.07041288
          ],
          [
            -122.87602176,
            54.07040401
          ],
          [
            -122.87640392,
            54.07035045
          ],
          [
            -122.87678607,
            54.07030597
          ],
          [
            -122.87689312,
            54.07028803
          ],
          [
            -122.87719873,
            54.07027036
          ],
          [
            -122.87722937,
            54.07027045
          ],
          [
            -122.87753498,
            54.07024381
          ],
          [
            -122.87773368,
            54.07023503
          ],
          [
            -122.87784072,
            54.07024409
          ],
          [
            -122.87794763,
            54.07027117
          ],
          [
            -122.87803912,
            54.0703162
          ],
          [
            -122.87842082,
            54.07040642
          ],
          [
            -122.87854297,
            54.07044257
          ],
          [
            -122.87875676,
            54.07052365
          ],
          [
            -122.87900107,
            54.0705868
          ],
          [
            -122.87926062,
            54.07067693
          ],
          [
            -122.87941311,
            54.07077594
          ],
          [
            -122.8795656,
            54.07087496
          ],
          [
            -122.8797027,
            54.07103685
          ],
          [
            -122.87982455,
            54.07117183
          ],
          [
            -122.87990048,
            54.07133372
          ]
        ]
      },
      "geometry_name": "GEOMETRY",
      "properties": {
        "FOREST_FILE_ID": "R05998",
        "ROAD_SECTION_ID": "A",
        "START_STATION": 0,
        "END_STATION": 2.2944,
        "TIMBER_MARK": "R05998",
        "ROAD_RESPONSIBILITY_TYPE_CODE": null,
        "RETIREMENT_DATE": null,
        "FEATURE_LENGTH": 2.2944,
        "FEATURE_CLASS_SKEY": 767,
        "FILE_STATUS_CODE": "HI",
        "FILE_TYPE_CODE": "B01",
        "FILE_TYPE_DESCRIPTION": "Road Permit",
        "GEOGRAPHIC_DISTRICT_CODE": "DPG",
        "GEOGRAPHIC_DISTRICT_NAME": "Prince George Natural Resource District",
        "CLIENT_NUMBER": "00072109",
        "CLIENT_NAME": "PILOT FOREST MANAGEMENT LTD.",
        "LIFE_CYCLE_STATUS_CODE": "ACTIVE",
        "MAP_LABEL": "R05998 A0",
        "FEATURE_LENGTH_M": 2294.3923,
        "OBJECTID": 1624631,
        "SE_ANNO_CAD_DATA": null
      }
    },
    {
      "type": "Feature",
      "id": "WHSE_FOREST_TENURE.FTEN_ROAD_SEGMENT_LINES_SVW.fid--734e3ae_1a07f9f3c01_-2efc",
      "geometry": {
        "type": "LineString",
        "coordinates": [
          [
            -122.88780523,
            54.07150362
          ],
          [
            -122.88759606,
            54.07153382
          ],
          [
            -122.88738796,
            54.07154983
          ],
          [
            -122.88722954,
            54.07155287
          ],
          [
            -122.88694802,
            54.07157409
          ],
          [
            -122.88670349,
            54.07158916
          ],
          [
            -122.88647218,
            54.07159032
          ],
          [
            -122.88625246,
            54.07159891
          ],
          [
            -122.88604438,
            54.0716149
          ],
          [
            -122.88579931,
            54.07163707
          ],
          [
            -122.88562765,
            54.07165401
          ],
          [
            -122.88546653,
            54.07169257
          ],
          [
            -122.8853049,
            54.07173824
          ],
          [
            -122.8851311,
            54.0717836
          ],
          [
            -122.88500536,
            54.07183731
          ],
          [
            -122.88485531,
            54.07189039
          ],
          [
            -122.8847026,
            54.071979
          ],
          [
            -122.88451291,
            54.07207378
          ],
          [
            -122.8842123,
            54.07218705
          ],
          [
            -122.884011,
            54.07227441
          ],
          [
            -122.88373469,
            54.07238831
          ],
          [
            -122.8834848,
            54.07247441
          ],
          [
            -122.88325919,
            54.07256115
          ],
          [
            -122.8830336,
            54.07264788
          ],
          [
            -122.88284658,
            54.07270712
          ],
          [
            -122.88271976,
            54.07277504
          ],
          [
            -122.88246826,
            54.07288246
          ],
          [
            -122.88231715,
            54.07294975
          ],
          [
            -122.88214227,
            54.07300931
          ],
          [
            -122.8819072,
            54.0730602
          ],
          [
            -122.88170964,
            54.07309782
          ],
          [
            -122.88147564,
            54.0731345
          ],
          [
            -122.88128022,
            54.0731437
          ],
          [
            -122.88104674,
            54.07317327
          ],
          [
            -122.88081435,
            54.07318864
          ],
          [
            -122.88060785,
            54.07318331
          ],
          [
            -122.8804737,
            54.07318697
          ],
          [
            -122.88031632,
            54.07317579
          ],
          [
            -122.88012304,
            54.07315657
          ],
          [
            -122.87995407,
            54.07313797
          ],
          [
            -122.8797983,
            54.07310548
          ],
          [
            -122.87959894,
            54.07300788
          ]
        ]
      },
      "geometry_name": "GEOMETRY",
      "properties": {
        "FOREST_FILE_ID": "R05998",
        "ROAD_SECTION_ID": "B",
        "START_STATION": 0,
        "END_STATION": 0.5917,
        "TIMBER_MARK": "R05998",
        "ROAD_RESPONSIBILITY_TYPE_CODE": null,
        "RETIREMENT_DATE": null,
        "FEATURE_LENGTH": 0.5917,
        "FEATURE_CLASS_SKEY": 767,
        "FILE_STATUS_CODE": "HI",
        "FILE_TYPE_CODE": "B01",
        "FILE_TYPE_DESCRIPTION": "Road Permit",
        "GEOGRAPHIC_DISTRICT_CODE": "DPG",
        "GEOGRAPHIC_DISTRICT_NAME": "Prince George Natural Resource District",
        "CLIENT_NUMBER": "00072109",
        "CLIENT_NAME": "PILOT FOREST MANAGEMENT LTD.",
        "LIFE_CYCLE_STATUS_CODE": "ACTIVE",
        "MAP_LABEL": "R05998 B0",
        "FEATURE_LENGTH_M": 591.7,
        "OBJECTID": 1624632,
        "SE_ANNO_CAD_DATA": null
      }
    },
    {
      "type": "Feature",
      "id": "WHSE_FOREST_TENURE.FTEN_ROAD_SEGMENT_LINES_SVW.fid--734e3ae_1a07f9f3c01_-2efb",
      "geometry": {
        "type": "LineString",
        "coordinates": [
          [
            -122.90880511,
            54.12562786
          ],
          [
            -122.90954946,
            54.12563985
          ],
          [
            -122.91011632,
            54.12564794
          ],
          [
            -122.91023676,
            54.12565097
          ],
          [
            -122.91031675,
            54.12565644
          ],
          [
            -122.91049015,
            54.12567161
          ],
          [
            -122.91055796,
            54.12568067
          ],
          [
            -122.91062975,
            54.12569028
          ]
        ]
      },
      "geometry_name": "GEOMETRY",
      "properties": {
        "FOREST_FILE_ID": "R17086",
        "ROAD_SECTION_ID": "A",
        "START_STATION": 0,
        "END_STATION": 0.1194,
        "TIMBER_MARK": "84118",
        "ROAD_RESPONSIBILITY_TYPE_CODE": null,
        "RETIREMENT_DATE": "2011-04-13Z",
        "FEATURE_LENGTH": 0.1194,
        "FEATURE_CLASS_SKEY": 767,
        "FILE_STATUS_CODE": "HC",
        "FILE_TYPE_CODE": "B01",
        "FILE_TYPE_DESCRIPTION": "Road Permit",
        "GEOGRAPHIC_DISTRICT_CODE": "DPG",
        "GEOGRAPHIC_DISTRICT_NAME": "Prince George Natural Resource District",
        "CLIENT_NUMBER": "00164638",
        "CLIENT_NAME": "DOLLAR SAVER LUMBER LTD.",
        "LIFE_CYCLE_STATUS_CODE": "RETIRED",
        "MAP_LABEL": "R17086 A0",
        "FEATURE_LENGTH_M": 119.4,
        "OBJECTID": 1684381,
        "SE_ANNO_CAD_DATA": null
      }
    },
    {
      "type": "Feature",
      "id": "WHSE_FOREST_TENURE.FTEN_ROAD_SEGMENT_LINES_SVW.fid--734e3ae_1a07f9f3c01_-2efa",
      "geometry": {
        "type": "LineString",
        "coordinates": [
          [
            -122.94405611,
            54.13975193
          ],
          [
            -122.94409409,
            54.13973911
          ],
          [
            -122.9441982,
            54.13970446
          ],
          [
            -122.94458221,
            54.13950902
          ],
          [
            -122.94460632,
            54.13949675
          ],
          [
            -122.94479367,
            54.13943219
          ],
          [
            -122.94487779,
            54.13940319
          ],
          [
            -122.94501541,
            54.13935576
          ],
          [
            -122.94511408,
            54.13932421
          ],
          [
            -122.94534214,
            54.13925219
          ],
          [
            -122.94542378,
            54.13922632
          ],
          [
            -122.94562968,
            54.13913836
          ],
          [
            -122.9458728,
            54.13908627
          ],
          [
            -122.94607775,
            54.13907896
          ],
          [
            -122.94617499,
            54.13907448
          ],
          [
            -122.94623278,
            54.13907392
          ],
          [
            -122.94630459,
            54.13907399
          ],
          [
            -122.94675111,
            54.13907347
          ],
          [
            -122.94742695,
            54.13910215
          ],
          [
            -122.94788557,
            54.13910205
          ],
          [
            -122.94832687,
            54.13906659
          ],
          [
            -122.94887197,
            54.13897552
          ],
          [
            -122.95021645,
            54.13859018
          ],
          [
            -122.95052271,
            54.13849309
          ],
          [
            -122.95113008,
            54.13836865
          ],
          [
            -122.95246251,
            54.13814599
          ],
          [
            -122.95335108,
            54.13799367
          ],
          [
            -122.95408042,
            54.13783735
          ],
          [
            -122.95515152,
            54.13764303
          ],
          [
            -122.95563933,
            54.13751444
          ],
          [
            -122.95588341,
            54.13745183
          ],
          [
            -122.9571396,
            54.13718063
          ],
          [
            -122.95827465,
            54.13692967
          ],
          [
            -122.96003263,
            54.13661282
          ],
          [
            -122.9607314,
            54.13646698
          ],
          [
            -122.96187533,
            54.13622821
          ],
          [
            -122.96262212,
            54.13609912
          ],
          [
            -122.96322839,
            54.13599432
          ],
          [
            -122.96372691,
            54.1358941
          ],
          [
            -122.96395586,
            54.13584797
          ],
          [
            -122.96401152,
            54.13583481
          ],
          [
            -122.96466873,
            54.1356578
          ],
          [
            -122.96567574,
            54.13552
          ],
          [
            -122.96632198,
            54.13540811
          ],
          [
            -122.966912,
            54.13527126
          ],
          [
            -122.96719542,
            54.13519979
          ]
        ]
      },
      "geometry_name": "GEOMETRY",
      "properties": {
        "FOREST_FILE_ID": "R21158",
        "ROAD_SECTION_ID": "98",
        "START_STATION": 0,
        "END_STATION": 1.607,
        "TIMBER_MARK": "93278",
        "ROAD_RESPONSIBILITY_TYPE_CODE": null,
        "RETIREMENT_DATE": "2019-01-16Z",
        "FEATURE_LENGTH": 1.607,
        "FEATURE_CLASS_SKEY": 767,
        "FILE_STATUS_CODE": "HC",
        "FILE_TYPE_CODE": "B01",
        "FILE_TYPE_DESCRIPTION": "Road Permit",
        "GEOGRAPHIC_DISTRICT_CODE": "DPG",
        "GEOGRAPHIC_DISTRICT_NAME": "Prince George Natural Resource District",
        "CLIENT_NUMBER": "00053511",
        "CLIENT_NAME": "NELSON",
        "LIFE_CYCLE_STATUS_CODE": "RETIRED",
        "MAP_LABEL": "R21158 980",
        "FEATURE_LENGTH_M": 1606.9999,
        "OBJECTID": 1758629,
        "SE_ANNO_CAD_DATA": null
      }
    },
    {
      "type": "Feature",
      "id": "WHSE_FOREST_TENURE.FTEN_ROAD_SEGMENT_LINES_SVW.fid--734e3ae_1a07f9f3c01_-2ef9",
      "geometry": {
        "type": "LineString",
        "coordinates": [
          [
            -122.90819798,
            54.0594587
          ],
          [
            -122.90835093,
            54.05938692
          ],
          [
            -122.90844273,
            54.05934207
          ],
          [
            -122.90859568,
            54.05921638
          ],
          [
            -122.90865699,
            54.05914451
          ],
          [
            -122.90871845,
            54.05901874
          ],
          [
            -122.908795,
            54.05890192
          ],
          [
            -122.9089022,
            54.05876717
          ],
          [
            -122.90902496,
            54.0585516
          ],
          [
            -122.90917807,
            54.05840786
          ],
          [
            -122.90926987,
            54.05832711
          ],
          [
            -122.90936167,
            54.05826422
          ],
          [
            -122.90946872,
            54.05819245
          ],
          [
            -122.90966773,
            54.05802181
          ],
          [
            -122.90988198,
            54.0578601
          ],
          [
            -122.91009608,
            54.05772557
          ],
          [
            -122.91031034,
            54.05758184
          ],
          [
            -122.91064689,
            54.05735745
          ],
          [
            -122.91084591,
            54.05719578
          ],
          [
            -122.91099886,
            54.05705214
          ],
          [
            -122.91106031,
            54.05692634
          ],
          [
            -122.91104506,
            54.0568814
          ],
          [
            -122.91090782,
            54.05675543
          ],
          [
            -122.91090813,
            54.05665656
          ],
          [
            -122.91098452,
            54.0566117
          ],
          [
            -122.91127533,
            54.05640516
          ],
          [
            -122.91153519,
            54.0563245
          ],
          [
            -122.91188669,
            54.05621693
          ],
          [
            -122.91219245,
            54.05614525
          ],
          [
            -122.91248279,
            54.05610047
          ],
          [
            -122.91281904,
            54.0560198
          ],
          [
            -122.913094,
            54.05596606
          ],
          [
            -122.91335385,
            54.05589439
          ],
          [
            -122.9134609,
            54.05586747
          ],
          [
            -122.91361385,
            54.05580466
          ],
          [
            -122.913996,
            54.05566119
          ],
          [
            -122.91433225,
            54.05556258
          ],
          [
            -122.91465326,
            54.05547286
          ],
          [
            -122.91477557,
            54.05541005
          ],
          [
            -122.91497442,
            54.05524846
          ],
          [
            -122.91521917,
            54.0551138
          ],
          [
            -122.91543342,
            54.05496117
          ],
          [
            -122.91570867,
            54.05480854
          ],
          [
            -122.91596852,
            54.0546649
          ],
          [
            -122.91607574,
            54.05459312
          ],
          [
            -122.91621328,
            54.05453928
          ],
          [
            -122.91654969,
            54.05436872
          ],
          [
            -122.916672,
            54.05430591
          ],
          [
            -122.9167943,
            54.05423404
          ],
          [
            -122.916932,
            54.05417123
          ],
          [
            -122.91719185,
            54.05406356
          ],
          [
            -122.91731415,
            54.05402767
          ],
          [
            -122.9174517,
            54.05397383
          ],
          [
            -122.9177117,
            54.05384822
          ],
          [
            -122.9180786,
            54.05368671
          ],
          [
            -122.91817025,
            54.05363287
          ],
          [
            -122.91835386,
            54.05350716
          ],
          [
            -122.91864452,
            54.05331857
          ],
          [
            -122.91878206,
            54.05322874
          ],
          [
            -122.91893501,
            54.05313004
          ],
          [
            -122.91921043,
            54.05295049
          ],
          [
            -122.91930223,
            54.05285162
          ],
          [
            -122.91937864,
            54.0528247
          ],
          [
            -122.91948569,
            54.05277087
          ],
          [
            -122.91957749,
            54.05271703
          ],
          [
            -122.91968453,
            54.05265405
          ],
          [
            -122.91988323,
            54.05253747
          ],
          [
            -122.92017389,
            54.05233091
          ],
          [
            -122.9204798,
            54.05213343
          ],
          [
            -122.92057159,
            54.05206155
          ],
          [
            -122.9207398,
            54.05196285
          ],
          [
            -122.9210149,
            54.05182815
          ],
          [
            -122.921229,
            54.0516845
          ],
          [
            -122.92142802,
            54.05151383
          ],
          [
            -122.92162671,
            54.05137914
          ],
          [
            -122.92184082,
            54.05127146
          ],
          [
            -122.92217708,
            54.05113687
          ],
          [
            -122.92245217,
            54.05104713
          ],
          [
            -122.92272727,
            54.05096647
          ],
          [
            -122.92278843,
            54.05093955
          ],
          [
            -122.92298712,
            54.05084982
          ],
          [
            -122.92315532,
            54.05075101
          ],
          [
            -122.92333894,
            54.05057137
          ],
          [
            -122.92343089,
            54.05040069
          ],
          [
            -122.92346169,
            54.05031975
          ],
          [
            -122.9234925,
            54.05014908
          ],
          [
            -122.9235387,
            54.04996935
          ],
          [
            -122.92356936,
            54.0498884
          ],
          [
            -122.92363081,
            54.0497267
          ],
          [
            -122.9236767,
            54.04966379
          ],
          [
            -122.92375327,
            54.04960098
          ],
          [
            -122.92398262,
            54.04942132
          ],
          [
            -122.92401327,
            54.04940338
          ],
          [
            -122.92425788,
            54.04920579
          ],
          [
            -122.92436493,
            54.049134
          ],
          [
            -122.92470148,
            54.04890947
          ],
          [
            -122.92500723,
            54.04870299
          ],
          [
            -122.92509903,
            54.04864009
          ],
          [
            -122.92537429,
            54.04846051
          ],
          [
            -122.92543545,
            54.04838863
          ],
          [
            -122.92564969,
            54.04818206
          ],
          [
            -122.92592495,
            54.04801146
          ],
          [
            -122.92610855,
            54.04780488
          ],
          [
            -122.9261697,
            54.04774198
          ],
          [
            -122.92629217,
            54.04758923
          ],
          [
            -122.92632282,
            54.04754436
          ],
          [
            -122.92647591,
            54.04736471
          ],
          [
            -122.92653722,
            54.0472029
          ],
          [
            -122.92662917,
            54.04703221
          ],
          [
            -122.92670588,
            54.0468705
          ],
          [
            -122.92678243,
            54.04670862
          ],
          [
            -122.92688978,
            54.04648417
          ],
          [
            -122.92695094,
            54.04641228
          ],
          [
            -122.92708879,
            54.0462056
          ],
          [
            -122.92713485,
            54.04613372
          ],
          [
            -122.92719616,
            54.04599892
          ],
          [
            -122.9272268,
            54.04592704
          ],
          [
            -122.9272576,
            54.04579225
          ],
          [
            -122.92730366,
            54.04563053
          ],
          [
            -122.92736496,
            54.04547777
          ],
          [
            -122.92736526,
            54.04534298
          ],
          [
            -122.92741132,
            54.04520818
          ],
          [
            -122.92750312,
            54.04506441
          ],
          [
            -122.92742688,
            54.04504638
          ],
          [
            -122.92710633,
            54.04495636
          ],
          [
            -122.92675514,
            54.04486626
          ],
          [
            -122.92657199,
            54.04480316
          ],
          [
            -122.92654148,
            54.04478521
          ],
          [
            -122.92629734,
            54.04465024
          ],
          [
            -122.92605335,
            54.04447029
          ],
          [
            -122.92580936,
            54.04429038
          ],
          [
            -122.92550422,
            54.04411947
          ],
          [
            -122.92522942,
            54.04405636
          ],
          [
            -122.92506152,
            54.0440203
          ],
          [
            -122.92490887,
            54.0439933
          ],
          [
            -122.92452703,
            54.04397502
          ],
          [
            -122.92442027,
            54.04395704
          ],
          [
            -122.92435913,
            54.04393899
          ],
          [
            -122.92422188,
            54.04384906
          ],
          [
            -122.92400823,
            54.04375007
          ],
          [
            -122.92394724,
            54.04372305
          ],
          [
            -122.92379474,
            54.04360611
          ],
          [
            -122.92358109,
            54.04347113
          ],
          [
            -122.92327596,
            54.04333615
          ],
          [
            -122.9231538,
            54.04330904
          ],
          [
            -122.92297066,
            54.04322809
          ],
          [
            -122.92277226,
            54.04316501
          ],
          [
            -122.92245172,
            54.04312883
          ],
          [
            -122.92214627,
            54.04309275
          ],
          [
            -122.92185622,
            54.04308351
          ],
          [
            -122.92150503,
            54.04307434
          ],
          [
            -122.92138287,
            54.04306529
          ],
          [
            -122.92101628,
            54.04303809
          ],
          [
            -122.92087888,
            54.043038
          ],
          [
            -122.92058884,
            54.04303773
          ],
          [
            -122.92020698,
            54.04303739
          ],
          [
            -122.91985579,
            54.04303727
          ],
          [
            -122.91950445,
            54.04304609
          ],
          [
            -122.91918374,
            54.04304581
          ],
          [
            -122.91886305,
            54.04304563
          ],
          [
            -122.91874089,
            54.04303656
          ],
          [
            -122.918634,
            54.04302749
          ],
          [
            -122.9183287,
            54.0430003
          ],
          [
            -122.91799275,
            54.0429462
          ],
          [
            -122.917886,
            54.04291908
          ],
          [
            -122.91765696,
            54.04285608
          ],
          [
            -122.91729066,
            54.04277482
          ],
          [
            -122.91709211,
            54.04274783
          ],
          [
            -122.91672582,
            54.04269363
          ],
          [
            -122.91640512,
            54.04264848
          ],
          [
            -122.91609983,
            54.04260335
          ],
          [
            -122.91602343,
            54.04260324
          ],
          [
            -122.91568748,
            54.04262102
          ],
          [
            -122.91533613,
            54.0426387
          ],
          [
            -122.91495443,
            54.04264741
          ],
          [
            -122.91475589,
            54.04267425
          ],
          [
            -122.91440454,
            54.04270984
          ],
          [
            -122.91420599,
            54.04271886
          ],
          [
            -122.91383939,
            54.04273653
          ],
          [
            -122.9135646,
            54.04273635
          ],
          [
            -122.91344228,
            54.04274523
          ],
          [
            -122.91310635,
            54.04277199
          ],
          [
            -122.9130147,
            54.04277189
          ],
          [
            -122.91292305,
            54.04278078
          ],
          [
            -122.9125717,
            54.0428165
          ],
          [
            -122.91246479,
            54.04281641
          ],
          [
            -122.9121441,
            54.04281622
          ],
          [
            -122.91177765,
            54.04279792
          ],
          [
            -122.91154861,
            54.04277082
          ],
          [
            -122.91135021,
            54.04270771
          ],
          [
            -122.91122805,
            54.04268969
          ],
          [
            -122.91089227,
            54.04264453
          ],
          [
            -122.91080062,
            54.04263548
          ],
          [
            -122.91075486,
            54.04263538
          ],
          [
            -122.91048006,
            54.04260818
          ],
          [
            -122.91038843,
            54.04260819
          ],
          [
            -122.91000656,
            54.04260792
          ],
          [
            -122.90979293,
            54.04258072
          ],
          [
            -122.90953337,
            54.04250866
          ],
          [
            -122.90928924,
            54.04241864
          ],
          [
            -122.90893833,
            54.04228356
          ],
          [
            -122.90881619,
            54.04224748
          ],
          [
            -122.9084499,
            54.0421483
          ],
          [
            -122.90811426,
            54.04203126
          ],
          [
            -122.9079921,
            54.04199518
          ],
          [
            -122.90776321,
            54.04193209
          ],
          [
            -122.90770222,
            54.04191406
          ],
          [
            -122.90748857,
            54.04183301
          ],
          [
            -122.90725967,
            54.04175195
          ],
          [
            -122.90690879,
            54.04162585
          ],
          [
            -122.90657314,
            54.04149078
          ],
          [
            -122.90638999,
            54.04139178
          ],
          [
            -122.90622224,
            54.04129277
          ],
          [
            -122.9060545,
            54.04118481
          ],
          [
            -122.90571886,
            54.04107665
          ],
          [
            -122.90536782,
            54.04096858
          ],
          [
            -122.90526107,
            54.04092353
          ],
          [
            -122.90494068,
            54.0407705
          ],
          [
            -122.90491017,
            54.04075245
          ],
          [
            -122.90474274,
            54.04056361
          ],
          [
            -122.90472748,
            54.04054556
          ],
          [
            -122.90465139,
            54.04040179
          ],
          [
            -122.90465154,
            54.04038375
          ],
          [
            -122.90460594,
            54.04024892
          ],
          [
            -122.90454525,
            54.04006008
          ],
          [
            -122.90449996,
            54.0398803
          ],
          [
            -122.90439353,
            54.03965555
          ],
          [
            -122.90428707,
            54.03949372
          ],
          [
            -122.90425673,
            54.03941275
          ],
          [
            -122.90419605,
            54.03923296
          ],
          [
            -122.90416584,
            54.03907114
          ],
          [
            -122.90416601,
            54.03899027
          ],
          [
            -122.90416646,
            54.03881946
          ],
          [
            -122.90416676,
            54.03864873
          ],
          [
            -122.90418217,
            54.03860376
          ],
          [
            -122.90419757,
            54.03856785
          ],
          [
            -122.90433542,
            54.03836123
          ],
          [
            -122.90435082,
            54.03834329
          ],
          [
            -122.90453442,
            54.03813674
          ],
          [
            -122.90459574,
            54.03807376
          ],
          [
            -122.90467229,
            54.03799303
          ],
          [
            -122.90480998,
            54.03784933
          ],
          [
            -122.90505474,
            54.03762468
          ],
          [
            -122.90511604,
            54.03753497
          ],
          [
            -122.9052234,
            54.03736434
          ],
          [
            -122.9053001,
            54.03716659
          ],
          [
            -122.90533121,
            54.03695996
          ],
          [
            -122.90536218,
            54.03676221
          ],
          [
            -122.90536263,
            54.0365555
          ],
          [
            -122.90536308,
            54.03636672
          ],
          [
            -122.90536339,
            54.03620496
          ],
          [
            -122.90536385,
            54.0360432
          ],
          [
            -122.90534875,
            54.0359353
          ],
          [
            -122.90533366,
            54.03588135
          ],
          [
            -122.90530346,
            54.03571062
          ],
          [
            -122.90528852,
            54.03555775
          ],
          [
            -122.90528866,
            54.03553081
          ],
          [
            -122.90528882,
            54.03544097
          ],
          [
            -122.90527388,
            54.03529716
          ],
          [
            -122.90527419,
            54.0351353
          ],
          [
            -122.90527464,
            54.0349556
          ],
          [
            -122.90527495,
            54.03480282
          ],
          [
            -122.90526,
            54.03468593
          ],
          [
            -122.90526046,
            54.03448817
          ],
          [
            -122.90526077,
            54.03434436
          ],
          [
            -122.90526121,
            54.03415551
          ],
          [
            -122.90526152,
            54.03397587
          ],
          [
            -122.90524673,
            54.03377818
          ],
          [
            -122.90524719,
            54.03359838
          ],
          [
            -122.90524764,
            54.03341865
          ],
          [
            -122.9052478,
            54.03333778
          ],
          [
            -122.90523286,
            54.03315796
          ],
          [
            -122.90523317,
            54.03306811
          ],
          [
            -122.90523362,
            54.0328794
          ],
          [
            -122.90521852,
            54.03278048
          ],
          [
            -122.90518833,
            54.03262768
          ],
          [
            -122.90518833,
            54.03260972
          ],
          [
            -122.90514304,
            54.03238493
          ],
          [
            -122.90508234,
            54.0322141
          ],
          [
            -122.9050218,
            54.03199836
          ],
          [
            -122.90494571,
            54.03186353
          ],
          [
            -122.90486961,
            54.03178255
          ],
          [
            -122.90471727,
            54.03162966
          ],
          [
            -122.90459559,
            54.03148577
          ],
          [
            -122.90458033,
            54.03146771
          ],
          [
            -122.90441258,
            54.03133279
          ],
          [
            -122.90421464,
            54.03113492
          ],
          [
            -122.90392506,
            54.03095491
          ],
          [
            -122.90375731,
            54.03082897
          ],
          [
            -122.90366582,
            54.03078389
          ],
          [
            -122.90333032,
            54.03061287
          ],
          [
            -122.90325423,
            54.03053199
          ],
          [
            -122.90313224,
            54.03044193
          ],
          [
            -122.90294925,
            54.03035198
          ],
          [
            -122.90279689,
            54.03024397
          ],
          [
            -122.90256831,
            54.03006405
          ],
          [
            -122.90226332,
            54.02989304
          ],
          [
            -122.90197372,
            54.0297129
          ],
          [
            -122.90174499,
            54.02962299
          ],
          [
            -122.90140949,
            54.02945186
          ],
          [
            -122.901318,
            54.02941585
          ],
          [
            -122.90113485,
            54.02937977
          ],
          [
            -122.90078395,
            54.02928963
          ],
          [
            -122.90063146,
            54.0292266
          ],
          [
            -122.90050947,
            54.02918154
          ],
          [
            -122.90028088,
            54.02895663
          ],
          [
            -122.90017443,
            54.0288217
          ],
          [
            -122.90012868,
            54.02876774
          ],
          [
            -122.89990025,
            54.02856088
          ],
          [
            -122.89979365,
            54.02842593
          ],
          [
            -122.89968736,
            54.02821916
          ],
          [
            -122.89961143,
            54.02806627
          ],
          [
            -122.89951992,
            54.02800333
          ],
          [
            -122.89941333,
            54.02787737
          ],
          [
            -122.89920014,
            54.02766144
          ],
          [
            -122.89915454,
            54.02760748
          ],
          [
            -122.8990176,
            54.02742764
          ],
          [
            -122.89895677,
            54.02729279
          ],
          [
            -122.89883506,
            54.02716682
          ],
          [
            -122.89871337,
            54.02696005
          ],
          [
            -122.89856118,
            54.02674404
          ],
          [
            -122.8984244,
            54.02652836
          ],
          [
            -122.89839405,
            54.0264473
          ],
          [
            -122.89827221,
            54.02630344
          ],
          [
            -122.89810476,
            54.02610565
          ],
          [
            -122.89805916,
            54.02604271
          ],
          [
            -122.89792239,
            54.02582686
          ],
          [
            -122.8978007,
            54.02563804
          ],
          [
            -122.89770935,
            54.02553011
          ],
          [
            -122.8976183,
            54.02532316
          ],
          [
            -122.89743531,
            54.02520634
          ],
          [
            -122.89737446,
            54.0251793
          ]
        ]
      },
      "geometry_name": "GEOMETRY",
      "properties": {
        "FOREST_FILE_ID": "R11689",
        "ROAD_SECTION_ID": "A",
        "START_STATION": 0,
        "END_STATION": 5.7093,
        "TIMBER_MARK": "R11689",
        "ROAD_RESPONSIBILITY_TYPE_CODE": null,
        "RETIREMENT_DATE": null,
        "FEATURE_LENGTH": 5.7093,
        "FEATURE_CLASS_SKEY": 767,
        "FILE_STATUS_CODE": "HI",
        "FILE_TYPE_CODE": "B01",
        "FILE_TYPE_DESCRIPTION": "Road Permit",
        "GEOGRAPHIC_DISTRICT_CODE": "DPG",
        "GEOGRAPHIC_DISTRICT_NAME": "Prince George Natural Resource District",
        "CLIENT_NUMBER": "00144702",
        "CLIENT_NAME": "SORINE WINTHER HOLDINGS LTD.",
        "LIFE_CYCLE_STATUS_CODE": "ACTIVE",
        "MAP_LABEL": "R11689 A0",
        "FEATURE_LENGTH_M": 5709.2723,
        "OBJECTID": 1571960,
        "SE_ANNO_CAD_DATA": null
      }
    },
    {
      "type": "Feature",
      "id": "WHSE_FOREST_TENURE.FTEN_ROAD_SEGMENT_LINES_SVW.fid--734e3ae_1a07f9f3c01_-2ef8",
      "geometry": {
        "type": "LineString",
        "coordinates": [
          [
            -122.89737446,
            54.02517932
          ],
          [
            -122.8974353,
            54.02520635
          ],
          [
            -122.8976183,
            54.02532318
          ],
          [
            -122.89770935,
            54.02553012
          ],
          [
            -122.89780069,
            54.02563806
          ],
          [
            -122.89792239,
            54.02582687
          ],
          [
            -122.89805916,
            54.02604272
          ],
          [
            -122.89810476,
            54.02610567
          ],
          [
            -122.8982722,
            54.02630346
          ],
          [
            -122.89839405,
            54.02644732
          ],
          [
            -122.8984244,
            54.02652837
          ],
          [
            -122.89856118,
            54.02674405
          ],
          [
            -122.89871337,
            54.02696007
          ],
          [
            -122.89883506,
            54.02716684
          ],
          [
            -122.89895676,
            54.02729281
          ],
          [
            -122.8990176,
            54.02742766
          ],
          [
            -122.89915454,
            54.0276075
          ],
          [
            -122.89920014,
            54.02766146
          ],
          [
            -122.89941333,
            54.02787738
          ],
          [
            -122.89951992,
            54.02800335
          ],
          [
            -122.89961143,
            54.02806629
          ],
          [
            -122.89968736,
            54.02821918
          ],
          [
            -122.89979365,
            54.02842595
          ],
          [
            -122.89990025,
            54.0285609
          ],
          [
            -122.90012868,
            54.02876775
          ],
          [
            -122.90017443,
            54.02882172
          ],
          [
            -122.90028088,
            54.02895664
          ],
          [
            -122.90050946,
            54.02918155
          ],
          [
            -122.90063146,
            54.02922662
          ],
          [
            -122.90078395,
            54.02928965
          ],
          [
            -122.90113485,
            54.02937979
          ],
          [
            -122.901318,
            54.02941587
          ],
          [
            -122.90140949,
            54.02945187
          ],
          [
            -122.90174498,
            54.029623
          ],
          [
            -122.90197372,
            54.02971292
          ],
          [
            -122.90226332,
            54.02989305
          ],
          [
            -122.90256831,
            54.03006407
          ],
          [
            -122.90279689,
            54.03024399
          ],
          [
            -122.90294924,
            54.030352
          ],
          [
            -122.90313223,
            54.03044195
          ],
          [
            -122.90325422,
            54.03053201
          ],
          [
            -122.90333032,
            54.03061289
          ],
          [
            -122.90366582,
            54.0307839
          ],
          [
            -122.9037573,
            54.03082898
          ],
          [
            -122.90392506,
            54.03095493
          ],
          [
            -122.90421464,
            54.03113494
          ],
          [
            -122.90441258,
            54.03133281
          ],
          [
            -122.90458033,
            54.03146773
          ],
          [
            -122.90459558,
            54.03148579
          ],
          [
            -122.90471726,
            54.03162968
          ],
          [
            -122.90486961,
            54.03178257
          ],
          [
            -122.90494571,
            54.03186355
          ],
          [
            -122.9050218,
            54.03199838
          ],
          [
            -122.90508234,
            54.03221412
          ],
          [
            -122.90514304,
            54.03238495
          ],
          [
            -122.90518833,
            54.03260974
          ],
          [
            -122.90518833,
            54.0326277
          ],
          [
            -122.90521852,
            54.03278049
          ],
          [
            -122.90523361,
            54.03287942
          ],
          [
            -122.90523316,
            54.03306813
          ],
          [
            -122.90523285,
            54.03315797
          ],
          [
            -122.9052478,
            54.0333378
          ],
          [
            -122.90524764,
            54.03341867
          ],
          [
            -122.90524719,
            54.0335984
          ],
          [
            -122.90524673,
            54.0337782
          ],
          [
            -122.90526152,
            54.03397589
          ],
          [
            -122.90526121,
            54.03415553
          ],
          [
            -122.90526077,
            54.03434438
          ],
          [
            -122.90526045,
            54.03448819
          ],
          [
            -122.90526,
            54.03468595
          ],
          [
            -122.90527495,
            54.03480283
          ],
          [
            -122.90527464,
            54.03495561
          ],
          [
            -122.90527419,
            54.03513532
          ],
          [
            -122.90527388,
            54.03529717
          ],
          [
            -122.90528882,
            54.03544099
          ],
          [
            -122.90528866,
            54.03553083
          ],
          [
            -122.90528852,
            54.03555777
          ],
          [
            -122.90530346,
            54.03571064
          ],
          [
            -122.90533366,
            54.03588137
          ],
          [
            -122.90534874,
            54.03593532
          ],
          [
            -122.90536385,
            54.03604321
          ],
          [
            -122.90536339,
            54.03620497
          ],
          [
            -122.90536308,
            54.03636674
          ],
          [
            -122.90536263,
            54.03655551
          ],
          [
            -122.90536218,
            54.03676222
          ],
          [
            -122.90533121,
            54.03695998
          ],
          [
            -122.9053001,
            54.03716661
          ],
          [
            -122.9052234,
            54.03736435
          ],
          [
            -122.90511604,
            54.03753499
          ],
          [
            -122.90505474,
            54.03762469
          ],
          [
            -122.90480998,
            54.03784934
          ],
          [
            -122.90467229,
            54.03799304
          ],
          [
            -122.90459574,
            54.03807378
          ],
          [
            -122.90453442,
            54.03813676
          ],
          [
            -122.90435082,
            54.0383433
          ],
          [
            -122.90433542,
            54.03836125
          ],
          [
            -122.90419757,
            54.03856787
          ],
          [
            -122.90418217,
            54.03860378
          ],
          [
            -122.90416676,
            54.03864875
          ],
          [
            -122.90416646,
            54.03881948
          ],
          [
            -122.90416601,
            54.03899029
          ],
          [
            -122.90416584,
            54.03907116
          ],
          [
            -122.90419605,
            54.03923298
          ],
          [
            -122.90425673,
            54.03941277
          ],
          [
            -122.90428707,
            54.03949374
          ],
          [
            -122.90439353,
            54.03965557
          ],
          [
            -122.90449996,
            54.03988032
          ],
          [
            -122.90454525,
            54.0400601
          ],
          [
            -122.90460594,
            54.04024894
          ],
          [
            -122.90465154,
            54.04038377
          ],
          [
            -122.90465139,
            54.04040181
          ],
          [
            -122.90472748,
            54.04054558
          ],
          [
            -122.90474274,
            54.04056363
          ],
          [
            -122.90491017,
            54.04075247
          ],
          [
            -122.90494068,
            54.04077052
          ],
          [
            -122.90526107,
            54.04092355
          ],
          [
            -122.90536781,
            54.0409686
          ],
          [
            -122.90571886,
            54.04107666
          ],
          [
            -122.9060545,
            54.04118483
          ],
          [
            -122.90622224,
            54.04129279
          ],
          [
            -122.90638999,
            54.04139179
          ],
          [
            -122.90657314,
            54.0414908
          ],
          [
            -122.90690879,
            54.04162587
          ],
          [
            -122.90725967,
            54.04175197
          ],
          [
            -122.90748857,
            54.04183303
          ],
          [
            -122.90770222,
            54.04191407
          ],
          [
            -122.90776321,
            54.04193211
          ],
          [
            -122.9079921,
            54.0419952
          ],
          [
            -122.90811426,
            54.04203128
          ],
          [
            -122.9084499,
            54.04214832
          ],
          [
            -122.90881619,
            54.0422475
          ],
          [
            -122.90893833,
            54.04228358
          ],
          [
            -122.90928923,
            54.04241866
          ],
          [
            -122.90953337,
            54.04250867
          ],
          [
            -122.90979293,
            54.04258074
          ],
          [
            -122.91000656,
            54.04260794
          ],
          [
            -122.91038842,
            54.04260821
          ],
          [
            -122.91048006,
            54.04260819
          ],
          [
            -122.91075486,
            54.0426354
          ],
          [
            -122.91080062,
            54.0426355
          ],
          [
            -122.91089227,
            54.04264455
          ],
          [
            -122.91122805,
            54.04268971
          ],
          [
            -122.91135021,
            54.04270773
          ],
          [
            -122.9115486,
            54.04277084
          ],
          [
            -122.91177764,
            54.04279794
          ],
          [
            -122.9121441,
            54.04281624
          ],
          [
            -122.91246479,
            54.04281642
          ],
          [
            -122.9125717,
            54.04281652
          ],
          [
            -122.91292304,
            54.04278079
          ],
          [
            -122.9130147,
            54.04277191
          ],
          [
            -122.91310634,
            54.04277201
          ],
          [
            -122.91344228,
            54.04274525
          ],
          [
            -122.9135646,
            54.04273636
          ],
          [
            -122.91383939,
            54.04273655
          ],
          [
            -122.91420599,
            54.04271888
          ],
          [
            -122.91440454,
            54.04270986
          ],
          [
            -122.91475589,
            54.04267426
          ],
          [
            -122.91495443,
            54.04264743
          ],
          [
            -122.91533613,
            54.04263872
          ],
          [
            -122.91568748,
            54.04262104
          ],
          [
            -122.91602343,
            54.04260326
          ],
          [
            -122.91609983,
            54.04260336
          ],
          [
            -122.91640512,
            54.0426485
          ],
          [
            -122.91672582,
            54.04269365
          ],
          [
            -122.91709211,
            54.04274785
          ],
          [
            -122.91729066,
            54.04277483
          ],
          [
            -122.91765696,
            54.0428561
          ],
          [
            -122.917886,
            54.0429191
          ],
          [
            -122.91799275,
            54.04294621
          ],
          [
            -122.9183287,
            54.04300032
          ],
          [
            -122.918634,
            54.04302751
          ],
          [
            -122.91874089,
            54.04303658
          ],
          [
            -122.91886305,
            54.04304565
          ],
          [
            -122.91918374,
            54.04304582
          ],
          [
            -122.91950444,
            54.04304611
          ],
          [
            -122.91985579,
            54.04303728
          ],
          [
            -122.92020698,
            54.04303741
          ],
          [
            -122.92058884,
            54.04303775
          ],
          [
            -122.92087888,
            54.04303802
          ],
          [
            -122.92101628,
            54.04303811
          ],
          [
            -122.92138287,
            54.0430653
          ],
          [
            -122.92150503,
            54.04307436
          ],
          [
            -122.92185622,
            54.04308353
          ],
          [
            -122.92214627,
            54.04309276
          ],
          [
            -122.92245172,
            54.04312885
          ],
          [
            -122.92277226,
            54.04316503
          ],
          [
            -122.92297066,
            54.04322811
          ],
          [
            -122.9231538,
            54.04330906
          ],
          [
            -122.92327595,
            54.04333617
          ],
          [
            -122.92358109,
            54.04347115
          ],
          [
            -122.92379474,
            54.04360613
          ],
          [
            -122.92394724,
            54.04372307
          ],
          [
            -122.92400823,
            54.04375008
          ],
          [
            -122.92422188,
            54.04384908
          ],
          [
            -122.92435913,
            54.04393901
          ],
          [
            -122.92442027,
            54.04395706
          ],
          [
            -122.92452703,
            54.04397504
          ],
          [
            -122.92490887,
            54.04399332
          ],
          [
            -122.92506152,
            54.04402032
          ],
          [
            -122.92522942,
            54.04405638
          ],
          [
            -122.92550421,
            54.04411949
          ],
          [
            -122.92580936,
            54.0442904
          ],
          [
            -122.92605335,
            54.04447031
          ],
          [
            -122.92629734,
            54.04465025
          ],
          [
            -122.92654148,
            54.04478523
          ],
          [
            -122.92657199,
            54.04480318
          ],
          [
            -122.92675514,
            54.04486627
          ],
          [
            -122.92710633,
            54.04495637
          ],
          [
            -122.92742688,
            54.0450464
          ],
          [
            -122.92750212,
            54.04506419
          ],
          [
            -122.92730575,
            54.04559786
          ],
          [
            -122.92707156,
            54.04616423
          ],
          [
            -122.92676457,
            54.0466962
          ],
          [
            -122.92635502,
            54.04752854
          ],
          [
            -122.92609369,
            54.04787612
          ],
          [
            -122.925831,
            54.0480648
          ],
          [
            -122.92545161,
            54.04832206
          ],
          [
            -122.92505748,
            54.04864799
          ],
          [
            -122.92412353,
            54.04928256
          ],
          [
            -122.92368572,
            54.04958269
          ],
          [
            -122.9235834,
            54.04973713
          ],
          [
            -122.92348331,
            54.0500262
          ],
          [
            -122.92340976,
            54.05038664
          ],
          [
            -122.92319052,
            54.05071267
          ],
          [
            -122.92286941,
            54.0509528
          ],
          [
            -122.92250849,
            54.05110599
          ],
          [
            -122.92242123,
            54.05114302
          ],
          [
            -122.92221169,
            54.05120456
          ],
          [
            -122.92156581,
            54.05139424
          ],
          [
            -122.92108574,
            54.05166748
          ],
          [
            -122.92012544,
            54.05228454
          ],
          [
            -122.91898906,
            54.05295837
          ],
          [
            -122.91880842,
            54.05306547
          ],
          [
            -122.91810324,
            54.05348856
          ],
          [
            -122.91736802,
            54.05392044
          ],
          [
            -122.91658817,
            54.05418463
          ],
          [
            -122.91501465,
            54.05515176
          ],
          [
            -122.91451949,
            54.05543379
          ],
          [
            -122.91372677,
            54.05568691
          ],
          [
            -122.91300706,
            54.0558364
          ],
          [
            -122.91204738,
            54.05605631
          ],
          [
            -122.91174719,
            54.05626787
          ],
          [
            -122.91137196,
            54.05651468
          ],
          [
            -122.91095147,
            54.05690263
          ],
          [
            -122.90948167,
            54.05809825
          ],
          [
            -122.90852077,
            54.05884759
          ],
          [
            -122.90829432,
            54.05914231
          ]
        ]
      },
      "geometry_name": "GEOMETRY",
      "properties": {
        "FOREST_FILE_ID": "R11689",
        "ROAD_SECTION_ID": "B",
        "START_STATION": 0,
        "END_STATION": 5.6529,
        "TIMBER_MARK": "R11689",
        "ROAD_RESPONSIBILITY_TYPE_CODE": null,
        "RETIREMENT_DATE": null,
        "FEATURE_LENGTH": 5.6529,
        "FEATURE_CLASS_SKEY": 767,
        "FILE_STATUS_CODE": "HI",
        "FILE_TYPE_CODE": "B01",
        "FILE_TYPE_DESCRIPTION": "Road Permit",
        "GEOGRAPHIC_DISTRICT_CODE": "DPG",
        "GEOGRAPHIC_DISTRICT_NAME": "Prince George Natural Resource District",
        "CLIENT_NUMBER": "00144702",
        "CLIENT_NAME": "SORINE WINTHER HOLDINGS LTD.",
        "LIFE_CYCLE_STATUS_CODE": "ACTIVE",
        "MAP_LABEL": "R11689 B0",
        "FEATURE_LENGTH_M": 5652.9,
        "OBJECTID": 1571939,
        "SE_ANNO_CAD_DATA": null
      }
    },
    {
      "type": "Feature",
      "id": "WHSE_FOREST_TENURE.FTEN_ROAD_SEGMENT_LINES_SVW.fid--734e3ae_1a07f9f3c01_-2ef7",
      "geometry": {
        "type": "LineString",
        "coordinates": [
          [
            -122.8600883,
            54.03249374
          ],
          [
            -122.86024093,
            54.03252094
          ],
          [
            -122.86042409,
            54.03252112
          ],
          [
            -122.86053099,
            54.03252122
          ],
          [
            -122.86072954,
            54.03249454
          ],
          [
            -122.86109614,
            54.03246797
          ],
          [
            -122.86146258,
            54.0324414
          ],
          [
            -122.86166113,
            54.03240568
          ],
          [
            -122.86202772,
            54.03237919
          ],
          [
            -122.86214988,
            54.0323703
          ],
          [
            -122.86225677,
            54.03237049
          ],
          [
            -122.86227202,
            54.03237048
          ],
          [
            -122.86257716,
            54.03241573
          ],
          [
            -122.86292806,
            54.03250604
          ],
          [
            -122.86318745,
            54.03256026
          ],
          [
            -122.8632027,
            54.03256923
          ],
          [
            -122.86335505,
            54.03266826
          ],
          [
            -122.86341589,
            54.0327223
          ],
          [
            -122.86344623,
            54.03278523
          ],
          [
            -122.86346088,
            54.03299197
          ],
          [
            -122.86346058,
            54.03304592
          ],
          [
            -122.86346027,
            54.03315375
          ],
          [
            -122.86349016,
            54.03335151
          ],
          [
            -122.8635051,
            54.03345043
          ],
          [
            -122.86361138,
            54.03363931
          ],
          [
            -122.86374817,
            54.03384614
          ],
          [
            -122.86379377,
            54.03390916
          ],
          [
            -122.86391547,
            54.03402613
          ],
          [
            -122.86400665,
            54.03415209
          ],
          [
            -122.86421984,
            54.03432308
          ],
          [
            -122.86431119,
            54.03439508
          ],
          [
            -122.86458537,
            54.03458413
          ],
          [
            -122.86475312,
            54.03469213
          ],
          [
            -122.86501221,
            54.03482723
          ],
          [
            -122.8650883,
            54.03488126
          ],
          [
            -122.8653933,
            54.03501647
          ],
          [
            -122.86550005,
            54.03506151
          ],
          [
            -122.86582014,
            54.03523262
          ],
          [
            -122.86617087,
            54.03535882
          ],
          [
            -122.86644552,
            54.03541304
          ],
          [
            -122.86670491,
            54.03545829
          ],
          [
            -122.8670712,
            54.03549464
          ],
          [
            -122.8672086,
            54.0355038
          ],
          [
            -122.86730025,
            54.03550388
          ],
          [
            -122.86752914,
            54.03553109
          ],
          [
            -122.86788035,
            54.03555846
          ],
          [
            -122.86826188,
            54.03562175
          ],
          [
            -122.86861278,
            54.03568512
          ],
          [
            -122.86896367,
            54.03578433
          ],
          [
            -122.86931441,
            54.03591053
          ],
          [
            -122.86954331,
            54.0359827
          ],
          [
            -122.8698788,
            54.03611789
          ],
          [
            -122.87010754,
            54.03621698
          ],
          [
            -122.87029038,
            54.03630711
          ],
          [
            -122.87039713,
            54.03636115
          ],
          [
            -122.87044288,
            54.03639714
          ],
          [
            -122.87047337,
            54.03641509
          ],
          [
            -122.87064081,
            54.03658609
          ],
          [
            -122.870671,
            54.03666698
          ],
          [
            -122.87070135,
            54.03672092
          ],
          [
            -122.87071615,
            54.03690971
          ],
          [
            -122.87065438,
            54.03713437
          ],
          [
            -122.87062359,
            54.03720618
          ],
          [
            -122.87057738,
            54.03734101
          ],
          [
            -122.87054641,
            54.03743983
          ],
          [
            -122.87042381,
            54.03762842
          ],
          [
            -122.87039301,
            54.03769134
          ],
          [
            -122.87034695,
            54.03777213
          ],
          [
            -122.87027009,
            54.03793388
          ],
          [
            -122.8702701,
            54.03794286
          ],
          [
            -122.87026949,
            54.03815855
          ],
          [
            -122.87031462,
            54.03834731
          ],
          [
            -122.87034497,
            54.0384193
          ],
          [
            -122.87040551,
            54.03857217
          ],
          [
            -122.87046606,
            54.038734
          ],
          [
            -122.87054168,
            54.03895875
          ],
          [
            -122.87057174,
            54.03912058
          ],
          [
            -122.87057158,
            54.03921044
          ],
          [
            -122.87060147,
            54.03941724
          ],
          [
            -122.87060087,
            54.03957899
          ],
          [
            -122.87060071,
            54.03964191
          ],
          [
            -122.87060056,
            54.03970474
          ],
          [
            -122.87052354,
            54.03992941
          ],
          [
            -122.87049273,
            54.04000129
          ],
          [
            -122.87035488,
            54.04012695
          ],
          [
            -122.87026309,
            54.0401808
          ],
          [
            -122.87003388,
            54.04025243
          ],
          [
            -122.86991157,
            54.04028833
          ],
          [
            -122.86968223,
            54.04035996
          ],
          [
            -122.86934613,
            54.04044944
          ],
          [
            -122.86931548,
            54.04045841
          ],
          [
            -122.86910152,
            54.04051201
          ],
          [
            -122.86871953,
            54.04056559
          ],
          [
            -122.86835293,
            54.04061019
          ],
          [
            -122.86812388,
            54.04062787
          ],
          [
            -122.86795582,
            54.0406277
          ],
          [
            -122.86768088,
            54.04065436
          ],
          [
            -122.86731428,
            54.04069887
          ],
          [
            -122.86696293,
            54.04073442
          ],
          [
            -122.86674914,
            54.04076117
          ],
          [
            -122.86636713,
            54.04082372
          ],
          [
            -122.86603103,
            54.04087722
          ],
          [
            -122.86569478,
            54.04094875
          ],
          [
            -122.86560313,
            54.04095764
          ],
          [
            -122.86525177,
            54.04102019
          ],
          [
            -122.86511423,
            54.04104694
          ],
          [
            -122.86479323,
            54.04111848
          ],
          [
            -122.86441122,
            54.04119001
          ],
          [
            -122.86427367,
            54.04122582
          ],
          [
            -122.86389153,
            54.04136018
          ],
          [
            -122.86376921,
            54.04142292
          ],
          [
            -122.86344791,
            54.04160233
          ],
          [
            -122.86337136,
            54.04165619
          ],
          [
            -122.86321825,
            54.04174585
          ],
          [
            -122.86305006,
            54.04181757
          ],
          [
            -122.86294301,
            54.04187142
          ],
          [
            -122.86257595,
            54.04205971
          ],
          [
            -122.86245349,
            54.04212254
          ],
          [
            -122.86211693,
            54.04232889
          ],
          [
            -122.86202498,
            54.04240069
          ],
          [
            -122.86181057,
            54.04258916
          ],
          [
            -122.86171877,
            54.04266097
          ],
          [
            -122.86155026,
            54.04282252
          ],
          [
            -122.86150436,
            54.04285842
          ],
          [
            -122.86145831,
            54.04289431
          ],
          [
            -122.8612744,
            54.04309184
          ],
          [
            -122.86102934,
            54.04329827
          ],
          [
            -122.86072344,
            54.04347769
          ],
          [
            -122.86061623,
            54.04354051
          ],
          [
            -122.86031032,
            54.04367495
          ],
          [
            -122.86014196,
            54.04378249
          ],
          [
            -122.85975966,
            54.04396189
          ],
          [
            -122.85953,
            54.04414138
          ],
          [
            -122.85931575,
            54.04428497
          ],
          [
            -122.85910119,
            54.04447344
          ],
          [
            -122.85900938,
            54.04453627
          ],
          [
            -122.85882579,
            54.04465283
          ],
          [
            -122.85873382,
            54.04471566
          ],
          [
            -122.85842792,
            54.0448501
          ],
          [
            -122.85818332,
            54.04496653
          ],
          [
            -122.85792331,
            54.04503829
          ],
          [
            -122.85766361,
            54.04509188
          ],
          [
            -122.85740376,
            54.0451275
          ],
          [
            -122.85717457,
            54.04518117
          ],
          [
            -122.85686881,
            54.04527074
          ],
          [
            -122.85677701,
            54.04529758
          ],
          [
            -122.85659355,
            54.04538723
          ],
          [
            -122.85628719,
            54.04561159
          ],
          [
            -122.85607278,
            54.04580902
          ],
          [
            -122.85585837,
            54.04599748
          ],
          [
            -122.85575086,
            54.04615024
          ],
          [
            -122.85556681,
            54.0463657
          ],
          [
            -122.8553983,
            54.04654528
          ],
          [
            -122.85529078,
            54.04669793
          ],
          [
            -122.85522948,
            54.04677869
          ],
          [
            -122.85504542,
            54.04697623
          ],
          [
            -122.85487706,
            54.04710187
          ],
          [
            -122.8547238,
            54.0472545
          ],
          [
            -122.8545553,
            54.04738911
          ],
          [
            -122.854295,
            54.04755954
          ],
          [
            -122.85400449,
            54.04768498
          ],
          [
            -122.85372892,
            54.04783745
          ],
          [
            -122.85356057,
            54.04795411
          ],
          [
            -122.85333076,
            54.04815154
          ],
          [
            -122.85331552,
            54.04816052
          ],
          [
            -122.85313145,
            54.04834899
          ],
          [
            -122.85313145,
            54.04835803
          ],
          [
            -122.85307014,
            54.04841187
          ],
          [
            -122.85297804,
            54.04854657
          ],
          [
            -122.85279413,
            54.04874409
          ],
          [
            -122.85267137,
            54.04888775
          ],
          [
            -122.85259483,
            54.04895954
          ],
          [
            -122.85248731,
            54.04911218
          ],
          [
            -122.8524254,
            54.04933688
          ],
          [
            -122.85240985,
            54.04941774
          ],
          [
            -122.85231744,
            54.04964235
          ],
          [
            -122.85227107,
            54.04981303
          ],
          [
            -122.85225567,
            54.04984892
          ],
          [
            -122.85222441,
            54.0500466
          ],
          [
            -122.85220885,
            54.05010952
          ],
          [
            -122.85211645,
            54.05032514
          ],
          [
            -122.85208533,
            54.05048692
          ],
          [
            -122.85205422,
            54.05062156
          ],
          [
            -122.85205422,
            54.05063068
          ],
          [
            -122.85196197,
            54.05080127
          ],
          [
            -122.85194656,
            54.05083724
          ],
          [
            -122.85185445,
            54.05098988
          ],
          [
            -122.85176219,
            54.05115159
          ],
          [
            -122.85157814,
            54.05136702
          ],
          [
            -122.85140947,
            54.05157358
          ],
          [
            -122.85137836,
            54.05171726
          ],
          [
            -122.85137761,
            54.05192408
          ],
          [
            -122.8513773,
            54.05200492
          ],
          [
            -122.85140718,
            54.05217577
          ],
          [
            -122.85143738,
            54.05227466
          ],
          [
            -122.85146773,
            54.05235559
          ],
          [
            -122.85148283,
            54.05240952
          ],
          [
            -122.85148221,
            54.05256232
          ],
          [
            -122.85148222,
            54.0525713
          ],
          [
            -122.85145141,
            54.05266112
          ],
          [
            -122.85129785,
            54.05288571
          ],
          [
            -122.85125164,
            54.05295749
          ],
          [
            -122.85105249,
            54.05312807
          ],
          [
            -122.85103723,
            54.05313703
          ],
          [
            -122.85086873,
            54.0532806
          ],
          [
            -122.85068451,
            54.05350511
          ],
          [
            -122.85051585,
            54.05369362
          ],
          [
            -122.85048519,
            54.05372053
          ],
          [
            -122.85040849,
            54.05380129
          ],
          [
            -122.85036244,
            54.05388214
          ],
          [
            -122.85016298,
            54.05410664
          ],
          [
            -122.85007056,
            54.05432224
          ],
          [
            -122.85006996,
            54.05448401
          ],
          [
            -122.85005394,
            54.05470868
          ],
          [
            -122.85005379,
            54.05476261
          ],
          [
            -122.85003824,
            54.05480747
          ],
          [
            -122.85002237,
            54.05499625
          ],
          [
            -122.85002222,
            54.05505017
          ],
          [
            -122.85000622,
            54.05524784
          ],
          [
            -122.8499902,
            54.05542753
          ],
          [
            -122.84995895,
            54.05561632
          ],
          [
            -122.84994339,
            54.05570614
          ],
          [
            -122.84994277,
            54.05589492
          ],
          [
            -122.84992661,
            54.05611061
          ],
          [
            -122.84992584,
            54.05632629
          ],
          [
            -122.84994095,
            54.05638017
          ],
          [
            -122.84997098,
            54.0565331
          ],
          [
            -122.85003138,
            54.0567129
          ],
          [
            -122.85009191,
            54.05687476
          ],
          [
            -122.8501677,
            54.05703661
          ],
          [
            -122.85019804,
            54.05709063
          ],
          [
            -122.85025889,
            54.05718958
          ],
          [
            -122.85038028,
            54.05741443
          ],
          [
            -122.85044097,
            54.05754927
          ],
          [
            -122.85047086,
            54.05770215
          ],
          [
            -122.85048596,
            54.05778307
          ],
          [
            -122.85047025,
            54.05786391
          ],
          [
            -122.85040865,
            54.05801662
          ],
          [
            -122.85034703,
            54.05815136
          ],
          [
            -122.85028543,
            54.05830406
          ],
          [
            -122.85023892,
            54.05851077
          ],
          [
            -122.85022336,
            54.05859161
          ],
          [
            -122.85022261,
            54.05878037
          ],
          [
            -122.85022229,
            54.05886129
          ],
          [
            -122.85022154,
            54.05908593
          ],
          [
            -122.85022092,
            54.05924769
          ],
          [
            -122.85022062,
            54.05932861
          ],
          [
            -122.85023541,
            54.05947242
          ],
          [
            -122.85023465,
            54.05969716
          ],
          [
            -122.85023419,
            54.05982294
          ],
          [
            -122.85023343,
            54.06002972
          ],
          [
            -122.85023313,
            54.06010159
          ],
          [
            -122.85020172,
            54.06032622
          ],
          [
            -122.85020156,
            54.06039818
          ],
          [
            -122.85013979,
            54.06055983
          ],
          [
            -122.85010899,
            54.06062273
          ],
          [
            -122.85009344,
            54.06069459
          ],
          [
            -122.84997052,
            54.06091913
          ],
          [
            -122.84990876,
            54.06108973
          ],
          [
            -122.84987796,
            54.06116171
          ],
          [
            -122.84987705,
            54.06138643
          ],
          [
            -122.8498769,
            54.06143129
          ],
          [
            -122.84987629,
            54.061629
          ],
          [
            -122.84989123,
            54.06170095
          ],
          [
            -122.84990617,
            54.06181786
          ],
          [
            -122.8499054,
            54.06202455
          ],
          [
            -122.84992004,
            54.06219535
          ],
          [
            -122.84991928,
            54.06240212
          ],
          [
            -122.84994918,
            54.0625819
          ],
          [
            -122.84997907,
            54.06278867
          ],
          [
            -122.85002406,
            54.06300441
          ],
          [
            -122.850039,
            54.06311225
          ],
          [
            -122.85006874,
            54.06331005
          ],
          [
            -122.85011387,
            54.06352578
          ],
          [
            -122.85011371,
            54.06355278
          ],
          [
            -122.85014391,
            54.06366062
          ],
          [
            -122.85017381,
            54.06384944
          ],
          [
            -122.85018859,
            54.06399325
          ],
          [
            -122.85023373,
            54.06418208
          ],
          [
            -122.85024884,
            54.06423598
          ],
          [
            -122.85026332,
            54.06443377
          ],
          [
            -122.8502778,
            54.06465847
          ],
          [
            -122.85026195,
            54.06482918
          ],
          [
            -122.8502618,
            54.06486515
          ],
          [
            -122.85026134,
            54.065018
          ],
          [
            -122.85024579,
            54.06508987
          ],
          [
            -122.85022977,
            54.06529654
          ],
          [
            -122.85024441,
            54.06544939
          ],
          [
            -122.85022855,
            54.06563811
          ],
          [
            -122.85021299,
            54.06569203
          ],
          [
            -122.85021224,
            54.0658987
          ],
          [
            -122.85019637,
            54.06607846
          ],
          [
            -122.85019592,
            54.06618627
          ],
          [
            -122.8502104,
            54.06641096
          ],
          [
            -122.85020963,
            54.0666267
          ],
          [
            -122.85020949,
            54.06668061
          ],
          [
            -122.85016297,
            54.06686934
          ],
          [
            -122.85016267,
            54.06693221
          ],
          [
            -122.85007041,
            54.06712085
          ],
          [
            -122.849978,
            54.0673005
          ],
          [
            -122.84993179,
            54.06739935
          ],
          [
            -122.84993133,
            54.06752511
          ],
          [
            -122.85003748,
            54.06774997
          ],
          [
            -122.85011341,
            54.06789379
          ],
          [
            -122.85014376,
            54.06797485
          ],
          [
            -122.85015824,
            54.06817254
          ],
          [
            -122.85012729,
            54.06827138
          ],
          [
            -122.85011189,
            54.06831631
          ],
          [
            -122.84998883,
            54.06852288
          ],
          [
            -122.84994278,
            54.06859472
          ],
          [
            -122.84977426,
            54.0687203
          ],
          [
            -122.84965181,
            54.06878308
          ],
          [
            -122.84951412,
            54.06882784
          ],
          [
            -122.84913165,
            54.0689352
          ],
          [
            -122.84874935,
            54.06901567
          ],
          [
            -122.8484436,
            54.06907818
          ],
          [
            -122.84832113,
            54.06911397
          ],
          [
            -122.84818328,
            54.06920367
          ],
          [
            -122.84816803,
            54.06921263
          ],
          [
            -122.84810658,
            54.0692844
          ],
          [
            -122.84796857,
            54.06940116
          ],
          [
            -122.84780007,
            54.06951776
          ],
          [
            -122.84747861,
            54.06970611
          ],
          [
            -122.84721829,
            54.06982263
          ],
          [
            -122.84705009,
            54.06985832
          ],
          [
            -122.84666763,
            54.06998371
          ],
          [
            -122.84652993,
            54.07002847
          ],
          [
            -122.84642273,
            54.07010023
          ],
          [
            -122.84605521,
            54.07028849
          ],
          [
            -122.84573345,
            54.0705128
          ],
          [
            -122.8456415,
            54.07057559
          ],
          [
            -122.84541153,
            54.07079999
          ],
          [
            -122.84527337,
            54.07095264
          ],
          [
            -122.84511996,
            54.0711052
          ],
          [
            -122.84504279,
            54.07132081
          ],
          [
            -122.84501169,
            54.07147355
          ],
          [
            -122.84501108,
            54.07162638
          ],
          [
            -122.84501092,
            54.07168925
          ],
          [
            -122.84501016,
            54.07186002
          ],
          [
            -122.84499461,
            54.07193194
          ],
          [
            -122.84487169,
            54.07212047
          ],
          [
            -122.84474893,
            54.07227311
          ],
          [
            -122.84451881,
            54.07248854
          ],
          [
            -122.84444226,
            54.07255141
          ],
          [
            -122.84430395,
            54.07272199
          ],
          [
            -122.8442117,
            54.07290163
          ],
          [
            -122.84418041,
            54.07308127
          ],
          [
            -122.84418028,
            54.07313526
          ],
          [
            -122.84416427,
            54.07329696
          ],
          [
            -122.84417921,
            54.07342287
          ],
          [
            -122.84417845,
            54.07361157
          ],
          [
            -122.84417769,
            54.07381829
          ],
          [
            -122.84416197,
            54.07392618
          ],
          [
            -122.84410022,
            54.07409677
          ],
          [
            -122.84406926,
            54.07417764
          ],
          [
            -122.84394635,
            54.07435729
          ],
          [
            -122.84379295,
            54.07453682
          ],
          [
            -122.84363938,
            54.07471638
          ],
          [
            -122.84345547,
            54.07486892
          ],
          [
            -122.84327141,
            54.07503037
          ],
          [
            -122.84317946,
            54.07510226
          ],
          [
            -122.84293425,
            54.07527275
          ],
          [
            -122.84282658,
            54.07544331
          ],
          [
            -122.84282596,
            54.07560509
          ],
          [
            -122.84285616,
            54.075731
          ],
          [
            -122.8429472,
            54.07587494
          ],
          [
            -122.84300775,
            54.07603681
          ],
          [
            -122.84306829,
            54.07620766
          ],
          [
            -122.84312882,
            54.07636952
          ],
          [
            -122.84312822,
            54.07654924
          ],
          [
            -122.8431125,
            54.07663908
          ],
          [
            -122.8430817,
            54.07671998
          ],
          [
            -122.84292798,
            54.07691744
          ],
          [
            -122.84288163,
            54.07707025
          ],
          [
            -122.84283512,
            54.07724091
          ],
          [
            -122.84280386,
            54.07741165
          ],
          [
            -122.8427726,
            54.07761834
          ],
          [
            -122.8427569,
            54.0777082
          ],
          [
            -122.84269513,
            54.07786988
          ],
          [
            -122.84266387,
            54.07806762
          ],
          [
            -122.84263276,
            54.07822929
          ],
          [
            -122.84260149,
            54.07841797
          ],
          [
            -122.84260074,
            54.07858879
          ],
          [
            -122.84261537,
            54.07875056
          ],
          [
            -122.84264541,
            54.07892138
          ],
          [
            -122.8427363,
            54.07913723
          ],
          [
            -122.84276664,
            54.07920905
          ],
          [
            -122.84278128,
            54.07934402
          ],
          [
            -122.84281134,
            54.07951466
          ],
          [
            -122.84285632,
            54.07972161
          ],
          [
            -122.84287096,
            54.07990132
          ],
          [
            -122.84288606,
            54.07995531
          ],
          [
            -122.84290069,
            54.08011707
          ],
          [
            -122.84290054,
            54.08016207
          ],
          [
            -122.84293042,
            54.08035083
          ],
          [
            -122.84294491,
            54.08056658
          ],
          [
            -122.84295956,
            54.08072834
          ],
          [
            -122.84291289,
            54.08094398
          ],
          [
            -122.84285114,
            54.08111472
          ],
          [
            -122.84280478,
            54.08123145
          ],
          [
            -122.84271236,
            54.08140209
          ],
          [
            -122.84257404,
            54.08160868
          ],
          [
            -122.84248194,
            54.08173431
          ],
          [
            -122.84242018,
            54.08189606
          ],
          [
            -122.84237367,
            54.08206678
          ],
          [
            -122.84237306,
            54.08222854
          ],
          [
            -122.8424182,
            54.08239039
          ],
          [
            -122.84250954,
            54.08250731
          ],
          [
            -122.84260088,
            54.08261524
          ],
          [
            -122.84266173,
            54.08268726
          ],
          [
            -122.84275323,
            54.08275031
          ],
          [
            -122.84279897,
            54.08277738
          ],
          [
            -122.84287522,
            54.08281343
          ],
          [
            -122.84322657,
            54.08287681
          ],
          [
            -122.84354743,
            54.08290416
          ],
          [
            -122.84389907,
            54.08291358
          ],
          [
            -122.84406713,
            54.08291385
          ],
          [
            -122.84431174,
            54.08293214
          ],
          [
            -122.84469373,
            54.08294164
          ],
          [
            -122.84496884,
            54.08295994
          ],
          [
            -122.84525918,
            54.08299615
          ],
          [
            -122.84533558,
            54.08301436
          ],
          [
            -122.84554938,
            54.08305955
          ],
          [
            -122.84582418,
            54.08314078
          ],
          [
            -122.84617523,
            54.08327608
          ],
          [
            -122.84637378,
            54.08334817
          ],
          [
            -122.84666367,
            54.0835014
          ],
          [
            -122.84667892,
            54.08351037
          ],
          [
            -122.84687701,
            54.0836724
          ],
          [
            -122.84706001,
            54.08377147
          ],
          [
            -122.84744155,
            54.08395178
          ],
          [
            -122.84782324,
            54.08409605
          ],
          [
            -122.84796063,
            54.08415011
          ],
          [
            -122.84822019,
            54.08423133
          ],
          [
            -122.84847973,
            54.0843036
          ],
          [
            -122.84864778,
            54.08433973
          ],
          [
            -122.84878534,
            54.0843669
          ],
          [
            -122.84892274,
            54.08440304
          ],
          [
            -122.84922834,
            54.08444832
          ],
          [
            -122.84945753,
            54.08444858
          ],
          [
            -122.84977869,
            54.08443998
          ],
          [
            -122.85009969,
            54.0844224
          ],
          [
            -122.85031379,
            54.0844137
          ],
          [
            -122.85034429,
            54.0844138
          ],
          [
            -122.85066545,
            54.0843782
          ],
          [
            -122.85100186,
            54.08436063
          ],
          [
            -122.8511548,
            54.08434288
          ],
          [
            -122.85149105,
            54.08433427
          ],
          [
            -122.85162876,
            54.08432548
          ],
          [
            -122.85179681,
            54.08432566
          ],
          [
            -122.85211767,
            54.08437103
          ],
          [
            -122.85223996,
            54.08438913
          ],
          [
            -122.8525146,
            54.08451529
          ],
          [
            -122.85257576,
            54.08455129
          ],
          [
            -122.8528045,
            54.08467748
          ],
          [
            -122.852835,
            54.08471344
          ],
          [
            -122.85300259,
            54.08485743
          ],
          [
            -122.85309409,
            54.08492943
          ],
          [
            -122.85338384,
            54.08511852
          ],
          [
            -122.85368898,
            54.0853077
          ],
          [
            -122.85391741,
            54.08553265
          ],
          [
            -122.8541004,
            54.08569465
          ],
          [
            -122.85425275,
            54.08584761
          ],
          [
            -122.85443558,
            54.08600962
          ],
          [
            -122.85452694,
            54.08609068
          ],
          [
            -122.85481682,
            54.08627975
          ],
          [
            -122.85492358,
            54.08634279
          ],
          [
            -122.85530512,
            54.08653196
          ],
          [
            -122.85544252,
            54.08659508
          ],
          [
            -122.85548827,
            54.08662207
          ],
          [
            -122.85583947,
            54.0867483
          ],
          [
            -122.85586996,
            54.08675736
          ],
          [
            -122.85596162,
            54.08679339
          ],
          [
            -122.85631265,
            54.08695558
          ],
          [
            -122.85658745,
            54.08704578
          ],
          [
            -122.85683176,
            54.08714493
          ],
          [
            -122.85707605,
            54.08720814
          ],
          [
            -122.85742755,
            54.08724453
          ],
          [
            -122.857611,
            54.08724472
          ],
          [
            -122.85762641,
            54.08724481
          ],
          [
            -122.85764165,
            54.08724481
          ],
          [
            -122.8579015,
            54.08723611
          ],
          [
            -122.85825316,
            54.0872275
          ],
          [
            -122.85828381,
            54.0872276
          ],
          [
            -122.85846726,
            54.08722777
          ],
          [
            -122.85881892,
            54.0872102
          ],
          [
            -122.85900237,
            54.08720141
          ],
          [
            -122.85935402,
            54.08719291
          ],
          [
            -122.85972093,
            54.08719334
          ],
          [
            -122.86008767,
            54.08722068
          ],
          [
            -122.86027113,
            54.0872388
          ],
          [
            -122.86033228,
            54.08723898
          ],
          [
            -122.86063803,
            54.0872483
          ],
          [
            -122.86100479,
            54.08726668
          ],
          [
            -122.86137169,
            54.08727609
          ],
          [
            -122.86160104,
            54.08728533
          ],
          [
            -122.86170795,
            54.08729448
          ],
          [
            -122.86187615,
            54.08729465
          ],
          [
            -122.86221224,
            54.08734001
          ],
          [
            -122.86225815,
            54.08734908
          ],
          [
            -122.8624111,
            54.08734925
          ],
          [
            -122.86273194,
            54.08738556
          ],
          [
            -122.86282375,
            54.08738566
          ],
          [
            -122.86315985,
            54.08743093
          ],
          [
            -122.86349609,
            54.08746732
          ],
          [
            -122.86358774,
            54.08747639
          ],
          [
            -122.86383221,
            54.0875126
          ],
          [
            -122.8641532,
            54.08754892
          ],
          [
            -122.86448931,
            54.08759427
          ],
          [
            -122.8645657,
            54.08760333
          ],
          [
            -122.8648713,
            54.08764861
          ],
          [
            -122.86502411,
            54.08768473
          ],
          [
            -122.86539086,
            54.08772104
          ],
          [
            -122.86548266,
            54.08773019
          ],
          [
            -122.86574235,
            54.08777538
          ],
          [
            -122.86610911,
            54.08782074
          ],
          [
            -122.86629256,
            54.08783894
          ],
          [
            -122.86662866,
            54.08789317
          ],
          [
            -122.86672031,
            54.0879113
          ],
          [
            -122.86702606,
            54.0879476
          ],
          [
            -122.86728577,
            54.08797485
          ],
          [
            -122.86762201,
            54.08802918
          ],
          [
            -122.86777482,
            54.08805626
          ],
          [
            -122.86794287,
            54.08807446
          ],
          [
            -122.86832486,
            54.08811981
          ],
          [
            -122.86863062,
            54.08814707
          ],
          [
            -122.86893622,
            54.08818338
          ],
          [
            -122.86930297,
            54.08825564
          ],
          [
            -122.86959333,
            54.088283
          ],
          [
            -122.86997532,
            54.08832826
          ],
          [
            -122.87012812,
            54.08834646
          ],
          [
            -122.87043388,
            54.08839173
          ],
          [
            -122.87070883,
            54.08842795
          ],
          [
            -122.87107558,
            54.08848228
          ],
          [
            -122.87118263,
            54.08849134
          ],
          [
            -122.87136609,
            54.08850057
          ],
          [
            -122.87165643,
            54.08852782
          ],
          [
            -122.87174824,
            54.08852791
          ],
          [
            -122.87208448,
            54.0885193
          ],
          [
            -122.87232909,
            54.08851061
          ],
          [
            -122.8726196,
            54.08850192
          ],
          [
            -122.8728337,
            54.08849313
          ],
          [
            -122.87306305,
            54.0884934
          ],
          [
            -122.8731242,
            54.08848443
          ],
          [
            -122.87339946,
            54.08846678
          ],
          [
            -122.87372061,
            54.08843119
          ],
          [
            -122.87402651,
            54.08839546
          ],
          [
            -122.87440897,
            54.08832405
          ],
          [
            -122.87448538,
            54.08830612
          ],
          [
            -122.87480652,
            54.08826147
          ],
          [
            -122.87482193,
            54.08826156
          ],
          [
            -122.87515833,
            54.08821691
          ],
          [
            -122.87534194,
            54.08819019
          ],
          [
            -122.87567849,
            54.08811865
          ],
          [
            -122.87573965,
            54.08810072
          ],
          [
            -122.8759844,
            54.08804702
          ],
          [
            -122.87622916,
            54.08800238
          ],
          [
            -122.87658112,
            54.08789488
          ],
          [
            -122.87685652,
            54.08781428
          ],
          [
            -122.87720848,
            54.08770663
          ],
          [
            -122.87739208,
            54.087653
          ],
          [
            -122.87771339,
            54.0875725
          ],
          [
            -122.87801915,
            54.08755474
          ],
          [
            -122.8783095,
            54.08757303
          ],
          [
            -122.87843181,
            54.08760011
          ],
          [
            -122.87869135,
            54.08771728
          ],
          [
            -122.87881334,
            54.08781626
          ],
          [
            -122.8788286,
            54.08783418
          ],
          [
            -122.87891995,
            54.08796015
          ],
          [
            -122.87896538,
            54.08812198
          ],
          [
            -122.87904133,
            54.08829285
          ],
          [
            -122.87917827,
            54.08851769
          ],
          [
            -122.87926976,
            54.08858968
          ],
          [
            -122.87960541,
            54.0888147
          ],
          [
            -122.87981906,
            54.0889587
          ],
          [
            -122.88015485,
            54.08912983
          ],
          [
            -122.88020059,
            54.08917474
          ],
          [
            -122.88053653,
            54.08934585
          ],
          [
            -122.88076544,
            54.08946297
          ],
          [
            -122.88110123,
            54.08966996
          ],
          [
            -122.88122339,
            54.08973309
          ],
          [
            -122.88140637,
            54.08988601
          ],
          [
            -122.88155872,
            54.0900569
          ],
          [
            -122.88172632,
            54.09027276
          ],
          [
            -122.88184815,
            54.09045268
          ],
          [
            -122.88190884,
            54.09058751
          ],
          [
            -122.88200019,
            54.09074045
          ],
          [
            -122.88215253,
            54.09095632
          ],
          [
            -122.88221337,
            54.09103726
          ],
          [
            -122.88242703,
            54.09119021
          ],
          [
            -122.88268673,
            54.09127142
          ],
          [
            -122.88282428,
            54.09129849
          ],
          [
            -122.88319102,
            54.09134376
          ],
          [
            -122.88351203,
            54.09138902
          ],
          [
            -122.88384829,
            54.09142533
          ],
          [
            -122.88393993,
            54.0914344
          ],
          [
            -122.88426094,
            54.09148863
          ],
          [
            -122.88458178,
            54.09154286
          ],
          [
            -122.88490263,
            54.09160606
          ],
          [
            -122.88499443,
            54.09161511
          ],
          [
            -122.88528479,
            54.09167832
          ],
          [
            -122.88543759,
            54.09171443
          ],
          [
            -122.88565154,
            54.0917416
          ],
          [
            -122.88585009,
            54.09180471
          ],
          [
            -122.88598764,
            54.09183178
          ],
          [
            -122.88624748,
            54.091868
          ],
          [
            -122.88652245,
            54.09193121
          ],
          [
            -122.88681264,
            54.09204827
          ],
          [
            -122.88688888,
            54.09210225
          ],
          [
            -122.88701073,
            54.09228215
          ],
          [
            -122.88702599,
            54.09230913
          ],
          [
            -122.88705617,
            54.09243499
          ],
          [
            -122.88708653,
            54.09254283
          ],
          [
            -122.88708591,
            54.09274059
          ],
          [
            -122.88708592,
            54.09276758
          ],
          [
            -122.88708591,
            54.09279455
          ],
          [
            -122.88708575,
            54.09283946
          ],
          [
            -122.88706989,
            54.09301919
          ],
          [
            -122.8870699,
            54.09305514
          ],
          [
            -122.88705419,
            54.09317194
          ],
          [
            -122.88705404,
            54.09326185
          ],
          [
            -122.88702277,
            54.09348649
          ],
          [
            -122.88699182,
            54.09364829
          ],
          [
            -122.88699122,
            54.093855
          ],
          [
            -122.88699106,
            54.09389991
          ],
          [
            -122.8869755,
            54.09398085
          ],
          [
            -122.88695995,
            54.09410661
          ],
          [
            -122.88692885,
            54.09430436
          ],
          [
            -122.88691313,
            54.09444814
          ],
          [
            -122.88688218,
            54.09460985
          ],
          [
            -122.88686632,
            54.09481656
          ],
          [
            -122.88683521,
            54.0949693
          ],
          [
            -122.88683522,
            54.09500533
          ],
          [
            -122.88681965,
            54.09508619
          ],
          [
            -122.88683444,
            54.09525693
          ],
          [
            -122.88681889,
            54.09539176
          ],
          [
            -122.88681844,
            54.09553554
          ],
          [
            -122.88683338,
            54.09567939
          ],
          [
            -122.88683323,
            54.0957243
          ],
          [
            -122.88686327,
            54.09590412
          ],
          [
            -122.88690901,
            54.09595807
          ],
          [
            -122.88700036,
            54.09609297
          ],
          [
            -122.88701561,
            54.096111
          ],
          [
            -122.88706137,
            54.09617391
          ],
          [
            -122.88721386,
            54.09632683
          ],
          [
            -122.88732061,
            54.09640786
          ],
          [
            -122.88741226,
            54.09647983
          ],
          [
            -122.88761049,
            54.0966418
          ],
          [
            -122.88779364,
            54.09677679
          ],
          [
            -122.88803778,
            54.09699271
          ],
          [
            -122.88811403,
            54.09706469
          ],
          [
            -122.88831243,
            54.09719969
          ],
          [
            -122.88848033,
            54.09735259
          ],
          [
            -122.88854133,
            54.09741561
          ],
          [
            -122.88873957,
            54.0975686
          ],
          [
            -122.88895321,
            54.09778443
          ],
          [
            -122.88902931,
            54.09787442
          ],
          [
            -122.8893041,
            54.09808138
          ],
          [
            -122.88951775,
            54.09822542
          ],
          [
            -122.88979239,
            54.09844123
          ],
          [
            -122.88999079,
            54.09860329
          ],
          [
            -122.89021969,
            54.09880129
          ],
          [
            -122.89028069,
            54.09886422
          ],
          [
            -122.89046383,
            54.09898126
          ],
          [
            -122.89064698,
            54.09913418
          ],
          [
            -122.89082997,
            54.09931414
          ],
          [
            -122.89101297,
            54.09951203
          ],
          [
            -122.89107381,
            54.09961089
          ],
          [
            -122.89121107,
            54.0997639
          ],
          [
            -122.89128732,
            54.09984482
          ],
          [
            -122.89134815,
            54.09996169
          ],
          [
            -122.8913634,
            54.09999764
          ],
          [
            -122.89137865,
            54.10000669
          ],
          [
            -122.89137865,
            54.10001565
          ],
          [
            -122.89151574,
            54.10024052
          ],
          [
            -122.89160694,
            54.10042928
          ],
          [
            -122.89166764,
            54.10062707
          ],
          [
            -122.89166702,
            54.1008248
          ],
          [
            -122.89162067,
            54.1010225
          ],
          [
            -122.89160512,
            54.10116634
          ],
          [
            -122.8916042,
            54.10148989
          ],
          [
            -122.89164827,
            54.10216402
          ],
          [
            -122.89164812,
            54.10221788
          ],
          [
            -122.8916783,
            54.10239762
          ],
          [
            -122.8917695,
            54.1025865
          ],
          [
            -122.89186084,
            54.10278429
          ],
          [
            -122.89190645,
            54.10286531
          ],
          [
            -122.89202828,
            54.10304508
          ],
          [
            -122.89210453,
            54.10315308
          ],
          [
            -122.89228768,
            54.10332398
          ],
          [
            -122.89256187,
            54.10371964
          ],
          [
            -122.89262287,
            54.10380962
          ],
          [
            -122.89271406,
            54.10399846
          ],
          [
            -122.89275965,
            54.10413333
          ],
          [
            -122.8927746,
            54.10426811
          ],
          [
            -122.89277444,
            54.10434007
          ],
          [
            -122.89280449,
            54.10454682
          ],
          [
            -122.89280433,
            54.10460067
          ],
          [
            -122.89280387,
            54.10479845
          ],
          [
            -122.89281897,
            54.10487033
          ],
          [
            -122.89281821,
            54.10513998
          ],
          [
            -122.89284825,
            54.10535568
          ],
          [
            -122.89286305,
            54.10554449
          ],
          [
            -122.89287784,
            54.10572427
          ],
          [
            -122.89287708,
            54.10604777
          ],
          [
            -122.89284596,
            54.10624545
          ],
          [
            -122.89284535,
            54.10646124
          ],
          [
            -122.89281424,
            54.10665894
          ],
          [
            -122.89282934,
            54.10673079
          ],
          [
            -122.89279838,
            54.1069016
          ],
          [
            -122.89279839,
            54.10691953
          ],
          [
            -122.89285893,
            54.1071353
          ],
          [
            -122.89301142,
            54.10730618
          ],
          [
            -122.89320982,
            54.1075131
          ],
          [
            -122.89328606,
            54.10758505
          ],
          [
            -122.89345412,
            54.10768407
          ],
          [
            -122.89362201,
            54.10781007
          ],
          [
            -122.89368301,
            54.10788202
          ],
          [
            -122.89389665,
            54.10806196
          ],
          [
            -122.89395766,
            54.10812495
          ],
          [
            -122.8940644,
            54.10823284
          ],
          [
            -122.89423215,
            54.1084487
          ],
          [
            -122.89441514,
            54.10869155
          ],
          [
            -122.89462864,
            54.10891646
          ],
          [
            -122.89481163,
            54.10914128
          ],
          [
            -122.89488789,
            54.10921323
          ],
          [
            -122.89491838,
            54.10925822
          ],
          [
            -122.89499463,
            54.1093661
          ],
          [
            -122.89511646,
            54.10953698
          ],
          [
            -122.89534537,
            54.10975293
          ],
          [
            -122.89549801,
            54.10988788
          ],
          [
            -122.89563526,
            54.11005875
          ],
          [
            -122.8958489,
            54.11027469
          ],
          [
            -122.89592515,
            54.1103376
          ],
          [
            -122.89612354,
            54.11056251
          ],
          [
            -122.89618455,
            54.11064341
          ],
          [
            -122.89638279,
            54.11084135
          ],
          [
            -122.89650479,
            54.11098524
          ],
          [
            -122.89665744,
            54.11112019
          ],
          [
            -122.89682548,
            54.11122816
          ],
          [
            -122.89713109,
            54.11136328
          ],
          [
            -122.89736029,
            54.11142637
          ],
          [
            -122.89748275,
            54.1114355
          ],
          [
            -122.89752863,
            54.1114355
          ],
          [
            -122.89758979,
            54.11144454
          ],
          [
            -122.89774274,
            54.11146265
          ],
          [
            -122.89798734,
            54.11148981
          ],
          [
            -122.8980485,
            54.11149885
          ],
          [
            -122.89812504,
            54.11149893
          ],
          [
            -122.89824735,
            54.11150798
          ],
          [
            -122.89832391,
            54.11151713
          ],
          [
            -122.89858391,
            54.11152627
          ],
          [
            -122.89896621,
            54.11156255
          ],
          [
            -122.89908851,
            54.11157169
          ],
          [
            -122.89931786,
            54.11160781
          ],
          [
            -122.89959297,
            54.11171585
          ],
          [
            -122.89973037,
            54.11182383
          ],
          [
            -122.89986761,
            54.11198574
          ],
          [
            -122.89997435,
            54.11215661
          ],
          [
            -122.90003521,
            54.11227345
          ],
          [
            -122.90005016,
            54.11239934
          ],
          [
            -122.9000654,
            54.11245327
          ],
          [
            -122.9000343,
            54.11263293
          ],
          [
            -122.90001889,
            54.11271391
          ],
          [
            -122.89995727,
            54.1128846
          ],
          [
            -122.89992633,
            54.11304633
          ],
          [
            -122.89991062,
            54.11321709
          ],
          [
            -122.89987951,
            54.11338787
          ],
          [
            -122.8998484,
            54.11360353
          ],
          [
            -122.89981745,
            54.11379222
          ],
          [
            -122.89984764,
            54.11394506
          ],
          [
            -122.89986242,
            54.11416073
          ],
          [
            -122.89987723,
            54.11436751
          ],
          [
            -122.89989202,
            54.11455629
          ],
          [
            -122.89989155,
            54.11473601
          ],
          [
            -122.89990665,
            54.11482589
          ],
          [
            -122.89989094,
            54.11498768
          ],
          [
            -122.89990588,
            54.1151495
          ],
          [
            -122.89992099,
            54.11525727
          ],
          [
            -122.89990512,
            54.115455
          ],
          [
            -122.89990421,
            54.11583248
          ],
          [
            -122.89987326,
            54.11601227
          ],
          [
            -122.8998269,
            54.11618302
          ],
          [
            -122.89976529,
            54.11634474
          ],
          [
            -122.89968827,
            54.11656038
          ],
          [
            -122.89968828,
            54.1165783
          ],
          [
            -122.89964208,
            54.11668616
          ],
          [
            -122.89962667,
            54.11676698
          ],
          [
            -122.89959572,
            54.11691078
          ],
          [
            -122.89959525,
            54.11709953
          ],
          [
            -122.89961006,
            54.11730631
          ],
          [
            -122.89959419,
            54.11753099
          ],
          [
            -122.89956308,
            54.11775559
          ],
          [
            -122.89956018,
            54.11891501
          ],
          [
            -122.89956003,
            54.11902288
          ],
          [
            -122.89955987,
            54.11910378
          ],
          [
            -122.89954433,
            54.11917571
          ],
          [
            -122.89952877,
            54.11928347
          ],
          [
            -122.89951336,
            54.11933742
          ],
          [
            -122.89951306,
            54.1194812
          ],
          [
            -122.89952785,
            54.11964298
          ],
          [
            -122.89957344,
            54.11979582
          ],
          [
            -122.89957345,
            54.11981381
          ],
          [
            -122.89963429,
            54.11995768
          ],
          [
            -122.89975629,
            54.1201106
          ],
          [
            -122.89996994,
            54.12031745
          ],
          [
            -122.90026013,
            54.12051543
          ],
          [
            -122.90035179,
            54.12058745
          ],
          [
            -122.90056574,
            54.1207134
          ],
          [
            -122.90082558,
            54.12078551
          ],
          [
            -122.90093263,
            54.12083057
          ],
          [
            -122.9010243,
            54.12089355
          ],
          [
            -122.90123825,
            54.12096566
          ],
          [
            -122.90128415,
            54.12098366
          ],
          [
            -122.90157449,
            54.12110971
          ],
          [
            -122.90184975,
            54.12118182
          ],
          [
            -122.90198745,
            54.12120887
          ],
          [
            -122.9022627,
            54.12124506
          ],
          [
            -122.90259926,
            54.12127229
          ],
          [
            -122.90298172,
            54.12129057
          ],
          [
            -122.90305828,
            54.12129067
          ],
          [
            -122.90324172,
            54.1213178
          ],
          [
            -122.90342533,
            54.12131789
          ],
          [
            -122.90374663,
            54.12136314
          ],
          [
            -122.90403729,
            54.12136331
          ],
          [
            -122.9043127,
            54.12137253
          ],
          [
            -122.90458811,
            54.12137281
          ],
          [
            -122.90495516,
            54.12140004
          ],
          [
            -122.90510827,
            54.12140917
          ],
          [
            -122.90558253,
            54.12140953
          ],
          [
            -122.90596499,
            54.12141876
          ],
          [
            -122.90610269,
            54.1214279
          ],
          [
            -122.906485,
            54.1215001
          ],
          [
            -122.906745,
            54.12157221
          ],
          [
            -122.90688256,
            54.12160821
          ],
          [
            -122.9072496,
            54.12170738
          ],
          [
            -122.90747896,
            54.12177053
          ],
          [
            -122.90755536,
            54.12178854
          ],
          [
            -122.90761652,
            54.1217976
          ],
          [
            -122.90787652,
            54.1218697
          ],
          [
            -122.90822801,
            54.12202265
          ],
          [
            -122.90851837,
            54.12220266
          ],
          [
            -122.90868643,
            54.12231069
          ],
          [
            -122.90879317,
            54.12246351
          ],
          [
            -122.90900696,
            54.12267043
          ],
          [
            -122.90906811,
            54.12272445
          ],
          [
            -122.90914421,
            54.12289518
          ],
          [
            -122.90918996,
            54.1229492
          ],
          [
            -122.90920491,
            54.12312898
          ],
          [
            -122.9091587,
            54.12327274
          ],
          [
            -122.90915854,
            54.12335364
          ],
          [
            -122.90912758,
            54.12350636
          ],
          [
            -122.90909663,
            54.12366813
          ],
          [
            -122.90903502,
            54.12381191
          ],
          [
            -122.90898897,
            54.12390175
          ],
          [
            -122.90895802,
            54.12409047
          ],
          [
            -122.9089269,
            54.12429713
          ],
          [
            -122.90889595,
            54.12444993
          ],
          [
            -122.9089109,
            54.12464763
          ],
          [
            -122.90892599,
            54.1247286
          ],
          [
            -122.90891028,
            54.12487236
          ],
          [
            -122.90889472,
            54.12504308
          ],
          [
            -122.90886392,
            54.12512397
          ],
          [
            -122.90884838,
            54.12525877
          ],
          [
            -122.90881725,
            54.12546551
          ],
          [
            -122.90880156,
            54.12565423
          ],
          [
            -122.90878615,
            54.12570814
          ],
          [
            -122.90877029,
            54.12592384
          ],
          [
            -122.90876908,
            54.12650801
          ],
          [
            -122.90875337,
            54.12670568
          ],
          [
            -122.90873766,
            54.12685849
          ],
          [
            -122.90873765,
            54.12689449
          ],
          [
            -122.90870655,
            54.12706522
          ],
          [
            -122.90870639,
            54.12714609
          ],
          [
            -122.90866035,
            54.12725393
          ],
          [
            -122.90864494,
            54.12730786
          ],
          [
            -122.90850679,
            54.12748751
          ],
          [
            -122.90849138,
            54.12749647
          ],
          [
            -122.90835338,
            54.1276491
          ],
          [
            -122.90807751,
            54.12785564
          ],
          [
            -122.90787819,
            54.12802626
          ],
          [
            -122.90758707,
            54.12818784
          ],
          [
            -122.90732662,
            54.12834046
          ],
          [
            -122.90709666,
            54.12851099
          ],
          [
            -122.90679013,
            54.12873543
          ],
          [
            -122.90662133,
            54.12890605
          ],
          [
            -122.90649871,
            54.1290318
          ],
          [
            -122.90637597,
            54.12918451
          ],
          [
            -122.90626845,
            54.12932825
          ],
          [
            -122.90620699,
            54.12941808
          ],
          [
            -122.90613014,
            54.12957983
          ],
          [
            -122.90614524,
            54.12966966
          ],
          [
            -122.90617544,
            54.12987646
          ],
          [
            -122.90626678,
            54.13006526
          ],
          [
            -122.90629728,
            54.13011917
          ],
          [
            -122.90637336,
            54.13032596
          ],
          [
            -122.90644947,
            54.13047884
          ],
          [
            -122.90646455,
            54.13055973
          ],
          [
            -122.90646441,
            54.13064059
          ],
          [
            -122.90649476,
            54.13078442
          ],
          [
            -122.90649414,
            54.13100912
          ],
          [
            -122.90650909,
            54.13118888
          ],
          [
            -122.90653928,
            54.13137767
          ],
          [
            -122.90656949,
            54.13153044
          ],
          [
            -122.90656918,
            54.13172818
          ],
          [
            -122.90658427,
            54.13179116
          ],
          [
            -122.90655316,
            54.13197984
          ],
          [
            -122.90655148,
            54.13276175
          ],
          [
            -122.90658168,
            54.1329595
          ],
          [
            -122.90661187,
            54.13314828
          ],
          [
            -122.90662696,
            54.13320218
          ],
          [
            -122.90670336,
            54.13330114
          ],
          [
            -122.90679487,
            54.13343602
          ],
          [
            -122.90706982,
            54.13365193
          ],
          [
            -122.90729902,
            54.13382289
          ],
          [
            -122.90737542,
            54.13388583
          ],
          [
            -122.90758922,
            54.13410175
          ],
          [
            -122.90781841,
            54.1342907
          ],
          [
            -122.90787942,
            54.13435366
          ],
          [
            -122.90809336,
            54.13449758
          ],
          [
            -122.90836847,
            54.13469556
          ],
          [
            -122.90862817,
            54.13488444
          ],
          [
            -122.90891866,
            54.13504643
          ],
          [
            -122.90905622,
            54.13510948
          ],
          [
            -122.90933133,
            54.13527146
          ],
          [
            -122.90951478,
            54.13542442
          ],
          [
            -122.90968283,
            54.13555032
          ],
          [
            -122.90994252,
            54.13576622
          ],
          [
            -122.91006483,
            54.13584726
          ],
          [
            -122.91029402,
            54.13604513
          ],
          [
            -122.91040093,
            54.13612612
          ],
          [
            -122.91056882,
            54.13635089
          ],
          [
            -122.91069097,
            54.13649475
          ],
          [
            -122.91082837,
            54.13662077
          ],
          [
            -122.91099642,
            54.13678267
          ],
          [
            -122.91104232,
            54.13680962
          ],
          [
            -122.91110348,
            54.13684563
          ],
          [
            -122.91168463,
            54.1370258
          ],
          [
            -122.91183759,
            54.13706188
          ],
          [
            -122.91199069,
            54.13708892
          ],
          [
            -122.91232725,
            54.13718806
          ],
          [
            -122.91257184,
            54.13727813
          ],
          [
            -122.9127248,
            54.13734117
          ],
          [
            -122.91296956,
            54.13739525
          ],
          [
            -122.9132143,
            54.13748534
          ],
          [
            -122.91350497,
            54.13754848
          ],
          [
            -122.91364268,
            54.13760247
          ],
          [
            -122.91390253,
            54.13772845
          ],
          [
            -122.91404022,
            54.13780044
          ],
          [
            -122.91423892,
            54.13788148
          ],
          [
            -122.91442254,
            54.13796252
          ],
          [
            -122.91449893,
            54.13801652
          ],
          [
            -122.91459073,
            54.13805252
          ],
          [
            -122.91491173,
            54.1382692
          ],
          [
            -122.91492726,
            54.13827744
          ],
          [
            -122.91529388,
            54.13845773
          ],
          [
            -122.91566063,
            54.13861056
          ],
          [
            -122.91591997,
            54.13873655
          ],
          [
            -122.91607523,
            54.13879095
          ],
          [
            -122.91637899,
            54.13883624
          ],
          [
            -122.91653251,
            54.13886257
          ],
          [
            -122.91667001,
            54.13887223
          ],
          [
            -122.91699123,
            54.13886359
          ],
          [
            -122.9172363,
            54.13887206
          ],
          [
            -122.91749725,
            54.13889945
          ],
          [
            -122.9176796,
            54.1388996
          ],
          [
            -122.91803263,
            54.13895343
          ],
          [
            -122.91826075,
            54.13903489
          ],
          [
            -122.91850656,
            54.139188
          ],
          [
            -122.91887382,
            54.13938567
          ],
          [
            -122.91896641,
            54.13943119
          ],
          [
            -122.91933234,
            54.13964676
          ],
          [
            -122.91948432,
            54.13974535
          ],
          [
            -122.91979162,
            54.13987199
          ],
          [
            -122.91995906,
            54.1399435
          ],
          [
            -122.92025112,
            54.14004285
          ],
          [
            -122.92054051,
            54.140178
          ],
          [
            -122.92084795,
            54.14027718
          ],
          [
            -122.92110772,
            54.14047491
          ],
          [
            -122.92124338,
            54.14066389
          ],
          [
            -122.92130514,
            54.14076243
          ],
          [
            -122.92136603,
            54.14092428
          ],
          [
            -122.92139718,
            54.14099569
          ],
          [
            -122.92148743,
            54.14117567
          ],
          [
            -122.92157902,
            54.14133774
          ],
          [
            -122.92159418,
            54.14139193
          ],
          [
            -122.9216245,
            54.1415261
          ],
          [
            -122.9216569,
            54.14158073
          ],
          [
            -122.92173241,
            54.14177827
          ],
          [
            -122.92173157,
            54.14184103
          ],
          [
            -122.92182375,
            54.14202105
          ],
          [
            -122.92189957,
            54.14211098
          ],
          [
            -122.92196053,
            54.14220087
          ],
          [
            -122.92203692,
            54.14229076
          ],
          [
            -122.92209808,
            54.14235369
          ],
          [
            -122.92231203,
            54.14250662
          ],
          [
            -122.92248007,
            54.14266859
          ],
          [
            -122.92254123,
            54.14273153
          ],
          [
            -122.92261763,
            54.14279447
          ],
          [
            -122.92290813,
            54.14301035
          ],
          [
            -122.92296928,
            54.14305537
          ],
          [
            -122.92321388,
            54.1432622
          ],
          [
            -122.92335128,
            54.14340607
          ],
          [
            -122.92341244,
            54.14346005
          ],
          [
            -122.92347358,
            54.1435051
          ],
          [
            -122.92371819,
            54.14367601
          ],
          [
            -122.9239782,
            54.14380198
          ],
          [
            -122.92410065,
            54.14385596
          ],
          [
            -122.92413114,
            54.14386501
          ],
          [
            -122.92428425,
            54.14392794
          ],
          [
            -122.92442181,
            54.14400898
          ],
          [
            -122.9245595,
            54.14407191
          ],
          [
            -122.9246972,
            54.14412598
          ],
          [
            -122.92492657,
            54.14423397
          ],
          [
            -122.92518657,
            54.14441392
          ],
          [
            -122.92546166,
            54.14462073
          ],
          [
            -122.92562988,
            54.14471071
          ],
          [
            -122.92599693,
            54.14498064
          ],
          [
            -122.92616498,
            54.14513346
          ],
          [
            -122.92619547,
            54.14517841
          ],
          [
            -122.92631778,
            54.14531332
          ],
          [
            -122.92642468,
            54.14549319
          ],
          [
            -122.92650092,
            54.14561002
          ],
          [
            -122.92663847,
            54.14575387
          ],
          [
            -122.92680652,
            54.14597878
          ],
          [
            -122.92694408,
            54.14607771
          ],
          [
            -122.92726524,
            54.14627564
          ],
          [
            -122.92764754,
            54.14649159
          ],
          [
            -122.92770884,
            54.14650958
          ],
          [
            -122.92803014,
            54.14662659
          ],
          [
            -122.92830556,
            54.14668067
          ],
          [
            -122.92848916,
            54.14673474
          ],
          [
            -122.92876456,
            54.1468607
          ],
          [
            -122.92897883,
            54.14692372
          ],
          [
            -122.92922358,
            54.14704072
          ],
          [
            -122.92926948,
            54.14705872
          ],
          [
            -122.92946833,
            54.14711279
          ],
          [
            -122.92966718,
            54.14722077
          ],
          [
            -122.93004964,
            54.14738272
          ],
          [
            -122.93023325,
            54.14744574
          ],
          [
            -122.9304475,
            54.14751779
          ],
          [
            -122.93053931,
            54.14758074
          ],
          [
            -122.93078406,
            54.14769774
          ],
          [
            -122.93089111,
            54.14776971
          ],
          [
            -122.93107457,
            54.14789567
          ],
          [
            -122.93122736,
            54.14805754
          ],
          [
            -122.93130392,
            54.14812047
          ],
          [
            -122.93136491,
            54.14820139
          ],
          [
            -122.93148707,
            54.14839915
          ],
          [
            -122.93156346,
            54.14848008
          ],
          [
            -122.93162462,
            54.14861498
          ],
          [
            -122.93174676,
            54.14881273
          ],
          [
            -122.93177727,
            54.14886671
          ],
          [
            -122.93183842,
            54.14893869
          ],
          [
            -122.93191482,
            54.14901961
          ],
          [
            -122.93205221,
            54.1492443
          ],
          [
            -122.93212846,
            54.14944214
          ],
          [
            -122.93217421,
            54.14957696
          ],
          [
            -122.93223506,
            54.14976575
          ],
          [
            -122.9322503,
            54.14981069
          ],
          [
            -122.9322654,
            54.14993655
          ],
          [
            -122.93226525,
            54.15002642
          ],
          [
            -122.93220364,
            54.15024208
          ],
          [
            -122.93214234,
            54.15032291
          ],
          [
            -122.93208074,
            54.15052065
          ],
          [
            -122.93200387,
            54.15070031
          ],
          [
            -122.93191176,
            54.150907
          ],
          [
            -122.93185015,
            54.15107771
          ],
          [
            -122.9317579,
            54.15127536
          ],
          [
            -122.93160433,
            54.15154499
          ],
          [
            -122.93154288,
            54.15175166
          ],
          [
            -122.93149652,
            54.15194037
          ],
          [
            -122.93146587,
            54.15203919
          ],
          [
            -122.93138886,
            54.15224587
          ],
          [
            -122.931312,
            54.15244351
          ],
          [
            -122.93126565,
            54.15266818
          ],
          [
            -122.93125023,
            54.15273112
          ],
          [
            -122.93114273,
            54.15295579
          ],
          [
            -122.93114272,
            54.15297369
          ],
          [
            -122.93111193,
            54.15303662
          ],
          [
            -122.93106571,
            54.15320732
          ],
          [
            -122.93103492,
            54.15332421
          ],
          [
            -122.93100397,
            54.15352185
          ],
          [
            -122.93097316,
            54.15367465
          ],
          [
            -122.93097284,
            54.15381848
          ],
          [
            -122.93097285,
            54.15386342
          ],
          [
            -122.9310032,
            54.15402517
          ],
          [
            -122.9310337,
            54.15407019
          ],
          [
            -122.93109469,
            54.154205
          ],
          [
            -122.9311252,
            54.15425897
          ],
          [
            -122.9312934,
            54.15448371
          ],
          [
            -122.93141555,
            54.15460965
          ],
          [
            -122.93150734,
            54.15469961
          ],
          [
            -122.93158374,
            54.1547535
          ],
          [
            -122.93172145,
            54.15484345
          ],
          [
            -122.93202736,
            54.15505934
          ],
          [
            -122.93213441,
            54.1551133
          ],
          [
            -122.93225686,
            54.15520327
          ],
          [
            -122.93233326,
            54.15525723
          ],
          [
            -122.93250146,
            54.15540116
          ],
          [
            -122.93268492,
            54.15560802
          ],
          [
            -122.93268492,
            54.15561697
          ],
          [
            -122.93279181,
            54.15580582
          ],
          [
            -122.93282216,
            54.1559586
          ],
          [
            -122.93280676,
            54.15605742
          ],
          [
            -122.93276056,
            54.15615632
          ],
          [
            -122.93256124,
            54.15637184
          ],
          [
            -122.93236177,
            54.1565785
          ],
          [
            -122.93214707,
            54.15679397
          ],
          [
            -122.9318404,
            54.15701859
          ],
          [
            -122.93148783,
            54.1572071
          ],
          [
            -122.9311354,
            54.15736873
          ],
          [
            -122.9310128,
            54.15743156
          ],
          [
            -122.93093609,
            54.15751237
          ],
          [
            -122.9308899,
            54.15764711
          ],
          [
            -122.93092024,
            54.15785391
          ],
          [
            -122.93093534,
            54.15794376
          ],
          [
            -122.93108814,
            54.15814157
          ],
          [
            -122.93136354,
            54.15831251
          ],
          [
            -122.93147059,
            54.15837551
          ],
          [
            -122.93159304,
            54.15842055
          ],
          [
            -122.93168486,
            54.1584925
          ],
          [
            -122.93180715,
            54.15862737
          ],
          [
            -122.93183765,
            54.1586543
          ],
          [
            -122.93203651,
            54.15887017
          ],
          [
            -122.93208225,
            54.15892414
          ],
          [
            -122.93232701,
            54.159095
          ],
          [
            -122.93246471,
            54.15914896
          ],
          [
            -122.93261781,
            54.15917609
          ],
          [
            -122.93275567,
            54.15922109
          ],
          [
            -122.93290877,
            54.15925707
          ],
          [
            -122.93300058,
            54.15925716
          ],
          [
            -122.93333745,
            54.15927535
          ],
          [
            -122.93365906,
            54.15927551
          ],
          [
            -122.93395002,
            54.15931158
          ],
          [
            -122.93431737,
            54.15941067
          ],
          [
            -122.93450114,
            54.15945567
          ],
          [
            -122.9348531,
            54.15959965
          ],
          [
            -122.93492965,
            54.1596267
          ],
          [
            -122.9353121,
            54.15981563
          ],
          [
            -122.93563357,
            54.15997761
          ],
          [
            -122.93580177,
            54.16012152
          ],
          [
            -122.93587801,
            54.16031027
          ],
          [
            -122.93589326,
            54.16036423
          ],
          [
            -122.93584722,
            54.16047207
          ],
          [
            -122.9356171,
            54.16067863
          ],
          [
            -122.93549449,
            54.16077743
          ],
          [
            -122.93526438,
            54.16096608
          ],
          [
            -122.93518767,
            54.16105586
          ],
          [
            -122.93503441,
            54.16117265
          ],
          [
            -122.93498836,
            54.16124451
          ],
          [
            -122.93481955,
            54.16139726
          ],
          [
            -122.93466613,
            54.1616218
          ],
          [
            -122.93460453,
            54.16178361
          ],
          [
            -122.93460407,
            54.16210711
          ],
          [
            -122.93461932,
            54.16217003
          ],
          [
            -122.93469556,
            54.16239474
          ],
          [
            -122.93477182,
            54.16260155
          ],
          [
            -122.93490937,
            54.16279932
          ],
          [
            -122.93510806,
            54.16297921
          ],
          [
            -122.93523052,
            54.16310511
          ],
          [
            -122.93538332,
            54.16327595
          ],
          [
            -122.93542922,
            54.1633479
          ],
          [
            -122.93552072,
            54.16354567
          ],
          [
            -122.93562762,
            54.16377038
          ],
          [
            -122.93573467,
            54.16390523
          ],
          [
            -122.93578042,
            54.16399516
          ],
          [
            -122.93591797,
            54.16421996
          ],
          [
            -122.93608617,
            54.16438184
          ],
          [
            -122.93616257,
            54.1644987
          ],
          [
            -122.93619307,
            54.16456162
          ],
          [
            -122.93628473,
            54.16469647
          ],
          [
            -122.93642243,
            54.16484036
          ],
          [
            -122.93648358,
            54.16494819
          ],
          [
            -122.93662113,
            54.16510113
          ],
          [
            -122.93674343,
            54.16528091
          ],
          [
            -122.93686557,
            54.16546971
          ],
          [
            -122.93706443,
            54.16569449
          ],
          [
            -122.93718658,
            54.16587435
          ],
          [
            -122.93721723,
            54.1659463
          ],
          [
            -122.93720152,
            54.16616196
          ],
          [
            -122.93706352,
            54.1663147
          ],
          [
            -122.93697141,
            54.16638655
          ],
          [
            -122.93694076,
            54.16641348
          ],
          [
            -122.93664949,
            54.16659308
          ],
          [
            -122.93657278,
            54.16665599
          ],
          [
            -122.93646542,
            54.16678171
          ],
          [
            -122.93635808,
            54.16686259
          ],
          [
            -122.93612811,
            54.16703314
          ],
          [
            -122.93583669,
            54.16719483
          ],
          [
            -122.93549953,
            54.16735644
          ],
          [
            -122.93523905,
            54.16743715
          ],
          [
            -122.9350091,
            54.16754488
          ],
          [
            -122.93462588,
            54.16767946
          ],
          [
            -122.9342582,
            54.16773323
          ],
          [
            -122.93392104,
            54.16784088
          ],
          [
            -122.93361438,
            54.16802047
          ],
          [
            -122.93347637,
            54.16818215
          ],
          [
            -122.9334149,
            54.16829902
          ],
          [
            -122.93339935,
            54.16845174
          ],
          [
            -122.93344495,
            54.16864055
          ],
          [
            -122.9334448,
            54.16873941
          ],
          [
            -122.93347529,
            54.16883828
          ],
          [
            -122.93352105,
            54.16899112
          ],
          [
            -122.93358189,
            54.16919781
          ],
          [
            -122.93365815,
            54.16941362
          ],
          [
            -122.93365799,
            54.16955741
          ],
          [
            -122.93365799,
            54.16956635
          ],
          [
            -122.93368833,
            54.16968321
          ],
          [
            -122.93367294,
            54.16979111
          ],
          [
            -122.93376459,
            54.16989902
          ],
          [
            -122.93377983,
            54.16997087
          ],
          [
            -122.93390213,
            54.17010579
          ],
          [
            -122.93408573,
            54.17024967
          ],
          [
            -122.93422344,
            54.17031266
          ],
          [
            -122.9343459,
            54.17041161
          ],
          [
            -122.93445295,
            54.17055549
          ],
          [
            -122.9345905,
            54.17076222
          ],
          [
            -122.93460574,
            54.17080718
          ],
          [
            -122.93466659,
            54.17099597
          ],
          [
            -122.93466614,
            54.17131055
          ],
          [
            -122.93465073,
            54.17140942
          ],
          [
            -122.93466568,
            54.17158915
          ],
          [
            -122.93465012,
            54.17175996
          ],
          [
            -122.93466522,
            54.17194865
          ],
          [
            -122.93464966,
            54.17202058
          ],
          [
            -122.93464875,
            54.17260473
          ],
          [
            -122.93463319,
            54.17277553
          ],
          [
            -122.93463198,
            54.17357545
          ],
          [
            -122.93461642,
            54.17375519
          ],
          [
            -122.93463136,
            54.17392589
          ],
          [
            -122.93466172,
            54.17408773
          ],
          [
            -122.93466171,
            54.17410573
          ],
          [
            -122.93469206,
            54.17432142
          ],
          [
            -122.93469197,
            54.17438467
          ],
          [
            -122.9346916,
            54.17459107
          ],
          [
            -122.93472211,
            54.17469896
          ],
          [
            -122.93473735,
            54.17477079
          ],
          [
            -122.93473705,
            54.17495062
          ],
          [
            -122.93472133,
            54.17515729
          ],
          [
            -122.93472103,
            54.17538202
          ],
          [
            -122.93469023,
            54.17553472
          ],
          [
            -122.93462816,
            54.17593014
          ],
          [
            -122.93461261,
            54.1761369
          ],
          [
            -122.93461246,
            54.17620879
          ],
          [
            -122.9345969,
            54.17640652
          ],
          [
            -122.93459676,
            54.17647844
          ],
          [
            -122.93458104,
            54.1766851
          ],
          [
            -122.9345504,
            54.17673905
          ],
          [
            -122.93453484,
            54.17691876
          ],
          [
            -122.93447323,
            54.17704455
          ],
          [
            -122.93441192,
            54.17710744
          ],
          [
            -122.93421246,
            54.17731406
          ],
          [
            -122.93405905,
            54.17741286
          ],
          [
            -122.93387499,
            54.17752056
          ],
          [
            -122.93369093,
            54.1776373
          ],
          [
            -122.93358356,
            54.17772711
          ],
          [
            -122.9333995,
            54.17782587
          ],
          [
            -122.9333382,
            54.17788877
          ],
          [
            -122.9332156,
            54.17795165
          ],
          [
            -122.93307759,
            54.17799646
          ],
          [
            -122.93269421,
            54.17814005
          ],
          [
            -122.93261767,
            54.17819399
          ],
          [
            -122.9322802,
            54.17836449
          ],
          [
            -122.93200433,
            54.17846325
          ],
          [
            -122.93186632,
            54.17852605
          ],
          [
            -122.93168226,
            54.1786428
          ],
          [
            -122.93155966,
            54.17868769
          ],
          [
            -122.93122219,
            54.17888521
          ],
          [
            -122.93106892,
            54.17894801
          ],
          [
            -122.93074685,
            54.17910966
          ],
          [
            -122.93065489,
            54.17913658
          ],
          [
            -122.93042494,
            54.17927122
          ],
          [
            -122.93034822,
            54.17930716
          ],
          [
            -122.92964294,
            54.17963027
          ],
          [
            -122.92948953,
            54.17971106
          ],
          [
            -122.92913681,
            54.17988159
          ],
          [
            -122.92889145,
            54.18002531
          ],
          [
            -122.92875343,
            54.18007912
          ],
          [
            -122.92843137,
            54.18022272
          ],
          [
            -122.9280634,
            54.18038427
          ],
          [
            -122.92798668,
            54.18042917
          ],
          [
            -122.92769527,
            54.18061774
          ],
          [
            -122.92751136,
            54.18068957
          ],
          [
            -122.92720454,
            54.18085112
          ],
          [
            -122.92705128,
            54.18090496
          ],
          [
            -122.92677527,
            54.18101267
          ],
          [
            -122.92669856,
            54.1810845
          ],
          [
            -122.92631503,
            54.18129999
          ],
          [
            -122.92613113,
            54.1813718
          ],
          [
            -122.92576316,
            54.18150634
          ],
          [
            -122.92551779,
            54.18162303
          ],
          [
            -122.92542567,
            54.18165894
          ],
          [
            -122.92508851,
            54.18177558
          ],
          [
            -122.92501181,
            54.18181145
          ],
          [
            -122.92468974,
            54.18196405
          ],
          [
            -122.92439847,
            54.18205376
          ],
          [
            -122.9240151,
            54.18221532
          ],
          [
            -122.92330966,
            54.18250243
          ],
          [
            -122.92315639,
            54.18254735
          ],
          [
            -122.92294169,
            54.18263705
          ],
          [
            -122.92286498,
            54.18267288
          ],
          [
            -122.9225583,
            54.18278955
          ],
          [
            -122.92245111,
            54.18281649
          ],
          [
            -122.92212904,
            54.18296908
          ],
          [
            -122.92203693,
            54.182996
          ],
          [
            -122.92173027,
            54.18315754
          ],
          [
            -122.92136214,
            54.18331907
          ],
          [
            -122.92097877,
            54.18351656
          ],
          [
            -122.92085601,
            54.18359733
          ],
          [
            -122.92059508,
            54.18375898
          ],
          [
            -122.92038037,
            54.18392059
          ],
          [
            -122.92036498,
            54.18393856
          ],
          [
            -122.92013486,
            54.18410923
          ],
          [
            -122.92002734,
            54.18416307
          ],
          [
            -122.91964397,
            54.18434249
          ],
          [
            -122.91936796,
            54.18445018
          ],
          [
            -122.91910734,
            54.18453095
          ],
          [
            -122.91877002,
            54.18462057
          ],
          [
            -122.91840205,
            54.18469222
          ],
          [
            -122.91809568,
            54.18470098
          ],
          [
            -122.91792703,
            54.18471887
          ],
          [
            -122.91757446,
            54.18474559
          ],
          [
            -122.91739071,
            54.18474545
          ],
          [
            -122.91708419,
            54.1847542
          ],
          [
            -122.91676226,
            54.18476298
          ],
          [
            -122.91637936,
            54.18475375
          ],
          [
            -122.91618004,
            54.18477156
          ],
          [
            -122.91535261,
            54.18477101
          ],
          [
            -122.91512264,
            54.18480679
          ],
          [
            -122.91478548,
            54.18483353
          ],
          [
            -122.91467811,
            54.1848694
          ],
          [
            -122.91453996,
            54.18497718
          ],
          [
            -122.91432509,
            54.18516572
          ],
          [
            -122.91424808,
            54.18533646
          ],
          [
            -122.91424808,
            54.1853454
          ],
          [
            -122.91420188,
            54.18548019
          ],
          [
            -122.91414026,
            54.185642
          ],
          [
            -122.91409391,
            54.18579466
          ],
          [
            -122.91407834,
            54.18593848
          ],
          [
            -122.91403199,
            54.1861272
          ],
          [
            -122.91400089,
            54.18630688
          ],
          [
            -122.91398517,
            54.18653165
          ],
          [
            -122.91399996,
            54.18674728
          ],
          [
            -122.91399966,
            54.18686418
          ],
          [
            -122.91398426,
            54.18697204
          ],
          [
            -122.91399906,
            54.18719671
          ],
          [
            -122.91398334,
            54.18741243
          ],
          [
            -122.91399829,
            54.18755624
          ],
          [
            -122.91399767,
            54.18788872
          ],
          [
            -122.91401262,
            54.18806854
          ],
          [
            -122.91404282,
            54.18827521
          ],
          [
            -122.91404251,
            54.188437
          ],
          [
            -122.91407286,
            54.18854494
          ],
          [
            -122.91407271,
            54.18866175
          ],
          [
            -122.91410275,
            54.1888865
          ],
          [
            -122.914118,
            54.18894041
          ],
          [
            -122.91414834,
            54.18913815
          ],
          [
            -122.91414804,
            54.18927293
          ],
          [
            -122.91413218,
            54.18949767
          ],
          [
            -122.91413188,
            54.18968637
          ],
          [
            -122.91411617,
            54.1898571
          ],
          [
            -122.91413111,
            54.1900279
          ],
          [
            -122.91410015,
            54.19014471
          ],
          [
            -122.91410015,
            54.19020766
          ],
          [
            -122.91408445,
            54.19038743
          ],
          [
            -122.91406874,
            54.19052219
          ],
          [
            -122.91403763,
            54.19072886
          ],
          [
            -122.91399143,
            54.19086364
          ],
          [
            -122.91392982,
            54.19102541
          ],
          [
            -122.91386806,
            54.19124101
          ],
          [
            -122.91379089,
            54.19146566
          ],
          [
            -122.91376009,
            54.1915466
          ],
          [
            -122.91371389,
            54.1916903
          ],
          [
            -122.91369849,
            54.19174423
          ],
          [
            -122.91354446,
            54.19210364
          ],
          [
            -122.91343664,
            54.1923103
          ],
          [
            -122.91335964,
            54.19248995
          ],
          [
            -122.91332883,
            54.19257079
          ],
          [
            -122.91320577,
            54.19279542
          ],
          [
            -122.91319037,
            54.19284041
          ],
          [
            -122.91312861,
            54.19306505
          ],
          [
            -122.91308241,
            54.19316385
          ],
          [
            -122.9130824,
            54.1931728
          ],
          [
            -122.91297459,
            54.19339743
          ],
          [
            -122.91294379,
            54.19351419
          ],
          [
            -122.91288203,
            54.1937299
          ],
          [
            -122.91280486,
            54.19395453
          ],
          [
            -122.91277406,
            54.19400846
          ],
          [
            -122.912651,
            54.19421511
          ],
          [
            -122.91257398,
            54.19442176
          ],
          [
            -122.91257398,
            54.19443071
          ],
          [
            -122.91249697,
            54.19459247
          ],
          [
            -122.91238931,
            54.19478116
          ],
          [
            -122.91234295,
            54.19494283
          ],
          [
            -122.91225054,
            54.19513149
          ],
          [
            -122.91218893,
            54.19530228
          ],
          [
            -122.91215798,
            54.1954011
          ],
          [
            -122.91209637,
            54.19558976
          ],
          [
            -122.91203461,
            54.19576047
          ],
          [
            -122.91195775,
            54.19589531
          ],
          [
            -122.91194234,
            54.19595818
          ],
          [
            -122.91189598,
            54.19607494
          ],
          [
            -122.91181898,
            54.19629956
          ],
          [
            -122.91175753,
            54.19637145
          ],
          [
            -122.91172656,
            54.1964702
          ],
          [
            -122.91164956,
            54.19664999
          ],
          [
            -122.91157239,
            54.1968746
          ],
          [
            -122.91148013,
            54.1970453
          ],
          [
            -122.91143377,
            54.19720706
          ],
          [
            -122.91135677,
            54.19739571
          ],
          [
            -122.9112796,
            54.19762041
          ],
          [
            -122.9112026,
            54.19783608
          ],
          [
            -122.91118703,
            54.19793488
          ],
          [
            -122.91118612,
            54.1983663
          ],
          [
            -122.91121631,
            54.19851911
          ],
          [
            -122.91126192,
            54.19873487
          ],
          [
            -122.91127686,
            54.19891457
          ],
          [
            -122.91130706,
            54.19913935
          ],
          [
            -122.91133724,
            54.19934607
          ],
          [
            -122.91135218,
            54.19950781
          ],
          [
            -122.91135113,
            54.20000215
          ],
          [
            -122.91133572,
            54.2000381
          ],
          [
            -122.91132002,
            54.20025376
          ],
          [
            -122.91130415,
            54.20045153
          ],
          [
            -122.9113345,
            54.2005953
          ],
          [
            -122.91138009,
            54.20078412
          ],
          [
            -122.91137948,
            54.20111662
          ],
          [
            -122.91136393,
            54.20120644
          ],
          [
            -122.91133297,
            54.20136831
          ],
          [
            -122.91133267,
            54.20145816
          ],
          [
            -122.91131712,
            54.20160193
          ],
          [
            -122.91128632,
            54.20168283
          ],
          [
            -122.91116325,
            54.20186245
          ],
          [
            -122.91100969,
            54.20200613
          ],
          [
            -122.91088662,
            54.20216785
          ],
          [
            -122.91062555,
            54.20238331
          ],
          [
            -122.91045659,
            54.20253602
          ],
          [
            -122.91024157,
            54.20275157
          ],
          [
            -122.91013391,
            54.20289525
          ],
          [
            -122.9101031,
            54.20294021
          ],
          [
            -122.91005689,
            54.20304804
          ],
          [
            -122.90997973,
            54.20325464
          ],
          [
            -122.90991813,
            54.2034523
          ],
          [
            -122.90991767,
            54.20365909
          ],
          [
            -122.90993277,
            54.20376692
          ],
          [
            -122.90993215,
            54.20403654
          ],
          [
            -122.90997775,
            54.20417136
          ],
          [
            -122.90997729,
            54.20442302
          ],
          [
            -122.90996143,
            54.20462077
          ],
          [
            -122.90993047,
            54.20475559
          ],
          [
            -122.90988411,
            54.20498024
          ],
          [
            -122.90985331,
            54.20503415
          ],
          [
            -122.90973024,
            54.20522278
          ],
          [
            -122.90956128,
            54.20536645
          ],
          [
            -122.90946917,
            54.20542928
          ],
          [
            -122.90917729,
            54.20565376
          ],
          [
            -122.90908519,
            54.20573458
          ],
          [
            -122.90888557,
            54.20588718
          ],
          [
            -122.9085632,
            54.20609368
          ],
          [
            -122.90842505,
            54.20615654
          ],
          [
            -122.90822543,
            54.20630009
          ],
          [
            -122.90808712,
            54.20644384
          ],
          [
            -122.90774934,
            54.20665025
          ],
          [
            -122.90756497,
            54.20680294
          ],
          [
            -122.90744206,
            54.20692872
          ],
          [
            -122.90727294,
            54.20710831
          ],
          [
            -122.90718099,
            54.20714416
          ],
          [
            -122.90699647,
            54.20736871
          ],
          [
            -122.9069042,
            54.20744952
          ],
          [
            -122.90673509,
            54.20767407
          ],
          [
            -122.90656613,
            54.20785375
          ],
          [
            -122.90625885,
            54.2081231
          ],
          [
            -122.90615119,
            54.2082578
          ],
          [
            -122.90602828,
            54.20837455
          ],
          [
            -122.90584375,
            54.2085722
          ],
          [
            -122.90565938,
            54.20875178
          ],
          [
            -122.90559778,
            54.20887755
          ],
          [
            -122.90558207,
            54.20904829
          ],
          [
            -122.90562797,
            54.20912025
          ],
          [
            -122.90579602,
            54.20934505
          ],
          [
            -122.90591848,
            54.20945304
          ],
          [
            -122.90604093,
            54.20952499
          ],
          [
            -122.90625519,
            54.20971396
          ],
          [
            -122.90637779,
            54.2097769
          ],
          [
            -122.90657665,
            54.20995682
          ],
          [
            -122.90680616,
            54.21015473
          ],
          [
            -122.90700516,
            54.21033466
          ],
          [
            -122.90705106,
            54.2103976
          ],
          [
            -122.90715796,
            54.21058638
          ],
          [
            -122.9071883,
            54.21072126
          ],
          [
            -122.90718785,
            54.21089199
          ],
          [
            -122.90714163,
            54.21099978
          ],
          [
            -122.90704907,
            54.2112244
          ],
          [
            -122.90698763,
            54.21131425
          ],
          [
            -122.90684916,
            54.21150293
          ],
          [
            -122.90678769,
            54.21156576
          ],
          [
            -122.90652663,
            54.21170941
          ],
          [
            -122.9061431,
            54.21185287
          ],
          [
            -122.90602035,
            54.21187977
          ],
          [
            -122.90586693,
            54.21188863
          ],
          [
            -122.90580563,
            54.21189757
          ],
          [
            -122.90549881,
            54.21193323
          ],
          [
            -122.90545291,
            54.21193323
          ],
          [
            -122.90510004,
            54.21202279
          ],
          [
            -122.90471635,
            54.21213934
          ],
          [
            -122.90445544,
            54.21223802
          ],
          [
            -122.90417927,
            54.21234564
          ],
          [
            -122.90381083,
            54.21249812
          ],
          [
            -122.90361122,
            54.21264175
          ],
          [
            -122.90324264,
            54.2128392
          ],
          [
            -122.90308924,
            54.21291097
          ],
          [
            -122.90301237,
            54.21295584
          ],
          [
            -122.9026746,
            54.21313532
          ],
          [
            -122.90244432,
            54.21327892
          ],
          [
            -122.90239813,
            54.21332392
          ],
          [
            -122.9021831,
            54.21351242
          ],
          [
            -122.90204479,
            54.21362021
          ],
          [
            -122.90198334,
            54.21366508
          ],
          [
            -122.90189107,
            54.21377286
          ],
          [
            -122.90176816,
            54.21388056
          ],
          [
            -122.90155314,
            54.21402419
          ],
          [
            -122.90144549,
            54.21414094
          ],
          [
            -122.90136878,
            54.21418588
          ],
          [
            -122.90112296,
            54.21438332
          ],
          [
            -122.9009694,
            54.21445518
          ],
          [
            -122.90064718,
            54.21455376
          ],
          [
            -122.900294,
            54.21473323
          ],
          [
            -122.90014043,
            54.21479598
          ],
          [
            -122.89989491,
            54.21489464
          ],
          [
            -122.89981805,
            54.21494854
          ],
          [
            -122.89972595,
            54.21501137
          ],
          [
            -122.89944962,
            54.21511898
          ],
          [
            -122.89906579,
            54.21532535
          ],
          [
            -122.89874342,
            54.21545986
          ],
          [
            -122.89839039,
            54.2156034
          ],
          [
            -122.89820618,
            54.21566614
          ],
          [
            -122.8978992,
            54.21575578
          ],
          [
            -122.89762304,
            54.21585445
          ],
          [
            -122.89736212,
            54.21593507
          ],
          [
            -122.89707054,
            54.21600675
          ],
          [
            -122.89671752,
            54.21610534
          ],
          [
            -122.89653345,
            54.21614109
          ],
          [
            -122.89644134,
            54.21617693
          ],
          [
            -122.89610372,
            54.21628453
          ],
          [
            -122.89591951,
            54.21637426
          ],
          [
            -122.89573529,
            54.21641902
          ],
          [
            -122.89547438,
            54.2165177
          ],
          [
            -122.89525951,
            54.21658034
          ],
          [
            -122.89524426,
            54.21658937
          ],
          [
            -122.8950907,
            54.21666114
          ],
          [
            -122.89476817,
            54.21681361
          ],
          [
            -122.89443039,
            54.21699307
          ],
          [
            -122.89409261,
            54.21716359
          ],
          [
            -122.89378534,
            54.21736102
          ],
          [
            -122.89341675,
            54.21756738
          ],
          [
            -122.89312504,
            54.217684
          ],
          [
            -122.89287936,
            54.21783656
          ],
          [
            -122.89254143,
            54.21805194
          ],
          [
            -122.89244933,
            54.2180968
          ],
          [
            -122.89209614,
            54.21824033
          ],
          [
            -122.89132833,
            54.21865304
          ],
          [
            -122.89117477,
            54.21870684
          ],
          [
            -122.89103646,
            54.21878753
          ],
          [
            -122.89091355,
            54.21886832
          ],
          [
            -122.89074473,
            54.21894008
          ],
          [
            -122.89065262,
            54.21898495
          ],
          [
            -122.89034551,
            54.21914643
          ],
          [
            -122.89005362,
            54.21929898
          ],
          [
            -122.88996151,
            54.21934385
          ],
          [
            -122.88963899,
            54.21949631
          ],
          [
            -122.88939332,
            54.21963992
          ],
          [
            -122.88905539,
            54.2198283
          ],
          [
            -122.88891692,
            54.219972
          ],
          [
            -122.88884006,
            54.22002589
          ],
          [
            -122.8886557,
            54.22016951
          ],
          [
            -122.88842527,
            54.22030408
          ],
          [
            -122.88827158,
            54.22042075
          ],
          [
            -122.88802559,
            54.22063625
          ],
          [
            -122.88782582,
            54.22080684
          ],
          [
            -122.88774881,
            54.2209056
          ],
          [
            -122.88753349,
            54.22112115
          ],
          [
            -122.88744107,
            54.22130085
          ],
          [
            -122.88733311,
            54.22151639
          ],
          [
            -122.88731756,
            54.22157028
          ],
          [
            -122.88728644,
            54.22175008
          ],
          [
            -122.88728598,
            54.22192083
          ],
          [
            -122.88731618,
            54.2220826
          ],
          [
            -122.88734668,
            54.22214558
          ],
          [
            -122.88734653,
            54.22220849
          ],
          [
            -122.88737702,
            54.22227141
          ],
          [
            -122.88743772,
            54.22248711
          ],
          [
            -122.88748316,
            54.22269391
          ],
          [
            -122.88754416,
            54.22282883
          ],
          [
            -122.88766631,
            54.22305358
          ],
          [
            -122.8877732,
            54.22324247
          ],
          [
            -122.88789521,
            54.22346721
          ],
          [
            -122.88798701,
            54.22357515
          ],
          [
            -122.888048,
            54.22370107
          ],
          [
            -122.888048,
            54.22371009
          ],
          [
            -122.88815491,
            54.22388988
          ],
          [
            -122.88816999,
            54.22394385
          ],
          [
            -122.88826165,
            54.22409673
          ],
          [
            -122.88838411,
            54.22422263
          ],
          [
            -122.8884146,
            54.2242766
          ],
          [
            -122.8885061,
            54.22447445
          ],
          [
            -122.88859775,
            54.22458239
          ],
          [
            -122.88867416,
            54.22471722
          ],
          [
            -122.88878089,
            54.22491505
          ],
          [
            -122.88887255,
            54.22510386
          ],
          [
            -122.8889337,
            54.22515783
          ],
          [
            -122.8889642,
            54.22522082
          ],
          [
            -122.88923931,
            54.22559852
          ],
          [
            -122.8892698,
            54.22567045
          ],
          [
            -122.88934605,
            54.22583227
          ],
          [
            -122.8894377,
            54.22596719
          ],
          [
            -122.88959065,
            54.22616511
          ],
          [
            -122.8896515,
            54.22630896
          ],
          [
            -122.8897433,
            54.22643485
          ],
          [
            -122.8898502,
            54.2266057
          ],
          [
            -122.89001839,
            54.22680361
          ],
          [
            -122.89009449,
            54.22700134
          ],
          [
            -122.89017074,
            54.22719023
          ],
          [
            -122.89030814,
            54.227433
          ],
          [
            -122.89044569,
            54.22761287
          ],
          [
            -122.89047619,
            54.22768479
          ],
          [
            -122.89056784,
            54.22784669
          ],
          [
            -122.89065934,
            54.22801752
          ],
          [
            -122.89073559,
            54.22823328
          ],
          [
            -122.89072003,
            54.22828717
          ],
          [
            -122.89071957,
            54.22848489
          ],
          [
            -122.89070402,
            54.22854779
          ],
          [
            -122.89067275,
            54.22875445
          ],
          [
            -122.89062624,
            54.22897013
          ],
          [
            -122.89062594,
            54.22909593
          ],
          [
            -122.89053338,
            54.22929365
          ],
          [
            -122.8904254,
            54.22950022
          ],
          [
            -122.89037889,
            54.22967998
          ],
          [
            -122.89031698,
            54.2298686
          ],
          [
            -122.89027047,
            54.23003932
          ],
          [
            -122.89017807,
            54.23021006
          ],
          [
            -122.8900855,
            54.23041662
          ],
          [
            -122.89000849,
            54.23050649
          ],
          [
            -122.88982382,
            54.23071297
          ],
          [
            -122.88956243,
            54.23093748
          ],
          [
            -122.88948558,
            54.23100932
          ],
          [
            -122.88937807,
            54.23109008
          ],
          [
            -122.88907063,
            54.23131451
          ],
          [
            -122.88899363,
            54.23139527
          ],
          [
            -122.88882436,
            54.23161987
          ],
          [
            -122.88876275,
            54.2316917
          ],
          [
            -122.88868589,
            54.23177247
          ],
          [
            -122.88862413,
            54.2318803
          ],
          [
            -122.88851617,
            54.23208694
          ],
          [
            -122.88851586,
            54.23224865
          ],
          [
            -122.8885308,
            54.23234754
          ],
          [
            -122.88859195,
            54.23243752
          ],
          [
            -122.8886531,
            54.23254544
          ],
          [
            -122.88876016,
            54.23266237
          ],
          [
            -122.88897441,
            54.23287822
          ],
          [
            -122.88903556,
            54.23293218
          ],
          [
            -122.88912751,
            54.23297721
          ],
          [
            -122.88932652,
            54.23311218
          ],
          [
            -122.88949503,
            54.23320223
          ],
          [
            -122.88957173,
            54.23322931
          ],
          [
            -122.88993956,
            54.23334644
          ],
          [
            -122.89007756,
            54.23338248
          ],
          [
            -122.89043028,
            54.2334548
          ],
          [
            -122.89058354,
            54.23347283
          ],
          [
            -122.8907217,
            54.23348196
          ],
          [
            -122.89085972,
            54.2334821
          ],
          [
            -122.89121259,
            54.23347347
          ],
          [
            -122.89147351,
            54.23343774
          ],
          [
            -122.89171917,
            54.23335706
          ],
          [
            -122.89190339,
            54.23332132
          ],
          [
            -122.8920417,
            54.23325852
          ],
          [
            -122.89227197,
            54.23318679
          ],
          [
            -122.89265581,
            54.2330433
          ],
          [
            -122.89276333,
            54.23298954
          ],
          [
            -122.89299373,
            54.23290886
          ],
          [
            -122.89310109,
            54.23289992
          ],
          [
            -122.8933007,
            54.23282818
          ],
          [
            -122.89362323,
            54.23272965
          ],
          [
            -122.8938994,
            54.23266692
          ],
          [
            -122.89397626,
            54.23265808
          ],
          [
            -122.89431373,
            54.2326404
          ],
          [
            -122.894544,
            54.2326136
          ],
          [
            -122.8952804,
            54.23259626
          ],
          [
            -122.89636953,
            54.23259724
          ],
          [
            -122.89675306,
            54.23260653
          ],
          [
            -122.89705986,
            54.23261575
          ],
          [
            -122.89716723,
            54.23262485
          ],
          [
            -122.89750485,
            54.23263414
          ],
          [
            -122.89782692,
            54.23264343
          ],
          [
            -122.89791887,
            54.23264343
          ],
          [
            -122.89828716,
            54.23265281
          ],
          [
            -122.89925367,
            54.23265362
          ],
          [
            -122.89957574,
            54.23266282
          ],
          [
            -122.89983651,
            54.23266309
          ],
          [
            -122.90018937,
            54.23268132
          ],
          [
            -122.90098708,
            54.23270891
          ],
          [
            -122.90132456,
            54.2327182
          ],
          [
            -122.90161597,
            54.23271848
          ],
          [
            -122.90189214,
            54.23273661
          ],
          [
            -122.90221422,
            54.23276385
          ],
          [
            -122.90252103,
            54.23278208
          ],
          [
            -122.90287391,
            54.23278235
          ],
          [
            -122.90308861,
            54.23276457
          ],
          [
            -122.90316548,
            54.23274671
          ],
          [
            -122.90350311,
            54.23268399
          ],
          [
            -122.90373338,
            54.23258536
          ],
          [
            -122.90394855,
            54.23245966
          ],
          [
            -122.90408669,
            54.23240589
          ],
          [
            -122.90444003,
            54.23221738
          ],
          [
            -122.90468586,
            54.23201986
          ],
          [
            -122.90493169,
            54.2318853
          ],
          [
            -122.90508539,
            54.23175057
          ],
          [
            -122.90517766,
            54.23168768
          ],
          [
            -122.90545413,
            54.2315082
          ],
          [
            -122.90579191,
            54.2313916
          ],
          [
            -122.90602218,
            54.23133783
          ],
          [
            -122.90637504,
            54.23130217
          ],
          [
            -122.90663597,
            54.23124849
          ],
          [
            -122.90694295,
            54.23120382
          ],
          [
            -122.90718845,
            54.2311411
          ],
          [
            -122.90743398,
            54.23113225
          ],
          [
            -122.9077713,
            54.23117746
          ],
          [
            -122.907986,
            54.23123151
          ],
          [
            -122.90832333,
            54.23132166
          ],
          [
            -122.90850724,
            54.23138474
          ],
          [
            -122.9086146,
            54.2314118
          ],
          [
            -122.90898256,
            54.23150194
          ],
          [
            -122.90905912,
            54.23155591
          ],
          [
            -122.90915107,
            54.23158297
          ],
          [
            -122.90939629,
            54.23170895
          ],
          [
            -122.90971805,
            54.23187994
          ],
          [
            -122.90997867,
            54.23197902
          ],
          [
            -122.91020848,
            54.23209605
          ],
          [
            -122.91053039,
            54.232249
          ],
          [
            -122.91099017,
            54.23246511
          ],
          [
            -122.91134258,
            54.23261814
          ],
          [
            -122.9117258,
            54.23276225
          ],
          [
            -122.91210902,
            54.23294228
          ],
          [
            -122.91243094,
            54.2330593
          ],
          [
            -122.91281417,
            54.23324833
          ],
          [
            -122.91299807,
            54.23332937
          ],
          [
            -122.91336589,
            54.23349141
          ],
          [
            -122.91373385,
            54.23363552
          ],
          [
            -122.91382582,
            54.23366251
          ],
          [
            -122.91396382,
            54.2336985
          ],
          [
            -122.91417839,
            54.23375265
          ],
          [
            -122.91453111,
            54.23383377
          ],
          [
            -122.91482253,
            54.23386092
          ],
          [
            -122.9151141,
            54.23384313
          ],
          [
            -122.91534422,
            54.23385234
          ],
          [
            -122.91546698,
            54.23384341
          ],
          [
            -122.91583525,
            54.23382572
          ],
          [
            -122.915958,
            54.23379882
          ],
          [
            -122.91632628,
            54.23375416
          ],
          [
            -122.9165718,
            54.23371834
          ],
          [
            -122.91664851,
            54.2337094
          ],
          [
            -122.91667931,
            54.23370047
          ],
          [
            -122.91701678,
            54.23367375
          ],
          [
            -122.91740046,
            54.23361104
          ],
          [
            -122.91776874,
            54.23357541
          ],
          [
            -122.91815241,
            54.23353967
          ],
          [
            -122.91878145,
            54.23354011
          ],
          [
            -122.91908828,
            54.23354028
          ],
          [
            -122.91931825,
            54.23354949
          ],
          [
            -122.91968652,
            54.2335587
          ],
          [
            -122.92007005,
            54.23356799
          ],
          [
            -122.9201928,
            54.23356799
          ],
          [
            -122.92046882,
            54.23357718
          ],
          [
            -122.92072973,
            54.23358638
          ],
          [
            -122.92092905,
            54.23358647
          ],
          [
            -122.92125128,
            54.23359567
          ],
          [
            -122.92137402,
            54.23359576
          ],
          [
            -122.92172691,
            54.23360497
          ],
          [
            -122.92191096,
            54.23360505
          ],
          [
            -122.9222178,
            54.23359631
          ],
          [
            -122.92287748,
            54.23359674
          ],
          [
            -122.92307695,
            54.2335879
          ],
          [
            -122.92341442,
            54.23357906
          ],
          [
            -122.92364454,
            54.23358826
          ],
          [
            -122.92401281,
            54.23357951
          ],
          [
            -122.92433489,
            54.2335887
          ],
          [
            -122.92454975,
            54.23357084
          ],
          [
            -122.92474922,
            54.23356201
          ],
          [
            -122.92511734,
            54.23358013
          ],
          [
            -122.92542416,
            54.23359835
          ],
          [
            -122.92557756,
            54.23363436
          ],
          [
            -122.92568492,
            54.23367037
          ],
          [
            -122.92594553,
            54.23374246
          ],
          [
            -122.9262827,
            54.23392238
          ],
          [
            -122.92643596,
            54.23404833
          ],
          [
            -122.92655842,
            54.23422817
          ],
          [
            -122.92660431,
            54.23428213
          ],
          [
            -122.92665022,
            54.23438102
          ],
          [
            -122.92674187,
            54.23458774
          ],
          [
            -122.92680286,
            54.2347765
          ],
          [
            -122.92690992,
            54.23496536
          ],
          [
            -122.92692516,
            54.23502825
          ],
          [
            -122.92698617,
            54.23521709
          ],
          [
            -122.92703206,
            54.23526203
          ],
          [
            -122.92707796,
            54.23536092
          ],
          [
            -122.92707796,
            54.23541478
          ],
          [
            -122.92709291,
            54.23559461
          ],
          [
            -122.92712357,
            54.23564856
          ],
          [
            -122.92724586,
            54.2358733
          ],
          [
            -122.92730716,
            54.23592727
          ],
          [
            -122.92746042,
            54.23602625
          ],
          [
            -122.92755238,
            54.23606226
          ],
          [
            -122.92779775,
            54.23612532
          ],
          [
            -122.92804311,
            54.23621528
          ],
          [
            -122.92831913,
            54.23627834
          ],
          [
            -122.92857989,
            54.23635043
          ],
          [
            -122.9289631,
            54.2364855
          ],
          [
            -122.92923913,
            54.23656653
          ],
          [
            -122.92960711,
            54.23671954
          ],
          [
            -122.92974511,
            54.23676457
          ],
          [
            -122.93002113,
            54.23684559
          ],
          [
            -122.93026649,
            54.23698056
          ],
          [
            -122.93054251,
            54.23707954
          ],
          [
            -122.93089523,
            54.23717861
          ],
          [
            -122.93104849,
            54.23724167
          ],
          [
            -122.93118649,
            54.23733162
          ],
          [
            -122.93140106,
            54.2374306
          ],
          [
            -122.93175362,
            54.23761953
          ],
          [
            -122.93184558,
            54.23768251
          ],
          [
            -122.93210619,
            54.23787134
          ],
          [
            -122.93238206,
            54.23803328
          ],
          [
            -122.93251991,
            54.2381412
          ],
          [
            -122.93262728,
            54.23820417
          ],
          [
            -122.93264253,
            54.23822222
          ],
          [
            -122.93281118,
            54.23833914
          ],
          [
            -122.93294903,
            54.23849199
          ],
          [
            -122.93296429,
            54.238501
          ],
          [
            -122.9331482,
            54.23868081
          ],
          [
            -122.93322491,
            54.23871681
          ],
          [
            -122.93324015,
            54.23872583
          ],
          [
            -122.93350076,
            54.23889671
          ],
          [
            -122.93382253,
            54.23911261
          ],
          [
            -122.93406789,
            54.23922963
          ],
          [
            -122.93435916,
            54.23937352
          ],
          [
            -122.93465059,
            54.23945462
          ],
          [
            -122.93477333,
            54.23946365
          ],
          [
            -122.93514147,
            54.23955368
          ],
          [
            -122.93541764,
            54.23958977
          ],
          [
            -122.93573985,
            54.23961692
          ],
          [
            -122.93581655,
            54.23961702
          ],
          [
            -122.93606192,
            54.23965311
          ],
          [
            -122.9365223,
            54.23965328
          ],
          [
            -122.93681388,
            54.23963551
          ],
          [
            -122.93736622,
            54.23961783
          ],
          [
            -122.9377499,
            54.23959098
          ],
          [
            -122.93805671,
            54.23957324
          ],
          [
            -122.93813357,
            54.23957324
          ],
          [
            -122.93836368,
            54.2395644
          ],
          [
            -122.93854775,
            54.23955547
          ],
          [
            -122.93888538,
            54.23955566
          ],
          [
            -122.93926905,
            54.23954689
          ],
          [
            -122.93957588,
            54.23954708
          ],
          [
            -122.9398981,
            54.23953824
          ],
          [
            -122.94083411,
            54.23953868
          ],
          [
            -122.94115634,
            54.2395478
          ],
          [
            -122.94147841,
            54.23956592
          ],
          [
            -122.94176998,
            54.23956611
          ],
          [
            -122.9421076,
            54.23958423
          ],
          [
            -122.94282876,
            54.23958459
          ],
          [
            -122.94321228,
            54.2395937
          ],
          [
            -122.94351911,
            54.23960291
          ],
          [
            -122.9436112,
            54.23961192
          ],
          [
            -122.94408684,
            54.23961211
          ],
          [
            -122.94437841,
            54.23963925
          ],
          [
            -122.94460853,
            54.23964829
          ],
          [
            -122.9449614,
            54.23967544
          ],
          [
            -122.94526822,
            54.23971151
          ],
          [
            -122.94565174,
            54.23973867
          ],
          [
            -122.94598921,
            54.23979269
          ],
          [
            -122.94612739,
            54.23981978
          ],
          [
            -122.9464955,
            54.23987392
          ],
          [
            -122.94678692,
            54.2399459
          ],
          [
            -122.94715504,
            54.24011677
          ],
          [
            -122.94747697,
            54.24030569
          ],
          [
            -122.94763037,
            54.24040465
          ],
          [
            -122.94782954,
            54.24062046
          ],
          [
            -122.94802869,
            54.2407912
          ],
          [
            -122.9481208,
            54.2408452
          ],
          [
            -122.94828947,
            54.24098908
          ],
          [
            -122.94859598,
            54.24118693
          ],
          [
            -122.94868808,
            54.24123195
          ],
          [
            -122.94874939,
            54.24129483
          ],
          [
            -122.94905606,
            54.2414748
          ],
          [
            -122.94939337,
            54.24162771
          ],
          [
            -122.94945468,
            54.24165469
          ],
          [
            -122.94968478,
            54.24172668
          ],
          [
            -122.95002226,
            54.2418077
          ],
          [
            -122.95028318,
            54.24186172
          ],
          [
            -122.95037515,
            54.24187075
          ],
          [
            -122.95065131,
            54.24191576
          ],
          [
            -122.95083537,
            54.24193389
          ],
          [
            -122.95121889,
            54.24200588
          ],
          [
            -122.95135706,
            54.24203295
          ],
          [
            -122.95154112,
            54.24206895
          ],
          [
            -122.9519707,
            54.24214102
          ],
          [
            -122.95204741,
            54.24215006
          ],
          [
            -122.95230817,
            54.24217711
          ],
          [
            -122.95252303,
            54.24219515
          ],
          [
            -122.95279921,
            54.24224919
          ],
          [
            -122.95298326,
            54.24226723
          ],
          [
            -122.95333614,
            54.24235727
          ],
          [
            -122.95370427,
            54.24242933
          ],
          [
            -122.95398044,
            54.24247435
          ],
          [
            -122.95424135,
            54.24253731
          ],
          [
            -122.95460932,
            54.24269925
          ],
          [
            -122.95483944,
            54.24280724
          ],
          [
            -122.9549622,
            54.24285216
          ],
          [
            -122.95497745,
            54.24285216
          ],
          [
            -122.95514626,
            54.24295113
          ],
          [
            -122.95537623,
            54.24311296
          ],
          [
            -122.95551424,
            54.24322086
          ],
          [
            -122.9556829,
            54.24331981
          ],
          [
            -122.9558668,
            54.24349961
          ],
          [
            -122.95588221,
            54.24350863
          ],
          [
            -122.95615823,
            54.24371548
          ],
          [
            -122.95621952,
            54.24377831
          ],
          [
            -122.95637277,
            54.24387732
          ],
          [
            -122.95652618,
            54.24396727
          ],
          [
            -122.95661814,
            54.24406613
          ],
          [
            -122.95686352,
            54.24424601
          ],
          [
            -122.95690956,
            54.24429991
          ],
          [
            -122.95713937,
            54.24450671
          ],
          [
            -122.95721607,
            54.24458763
          ],
          [
            -122.95741539,
            54.2447315
          ],
          [
            -122.95744605,
            54.24478545
          ],
          [
            -122.9575534,
            54.24487538
          ],
          [
            -122.95778351,
            54.24501025
          ],
          [
            -122.95807478,
            54.24521709
          ],
          [
            -122.95827425,
            54.24536089
          ],
          [
            -122.95847356,
            54.24547778
          ],
          [
            -122.95868829,
            54.24561274
          ],
          [
            -122.95881102,
            54.24565766
          ],
          [
            -122.95897969,
            54.24574759
          ],
          [
            -122.95913309,
            54.24584655
          ],
          [
            -122.95939387,
            54.24595452
          ],
          [
            -122.95954727,
            54.24601748
          ],
          [
            -122.95986935,
            54.24617038
          ],
          [
            -122.96016091,
            54.24626032
          ],
          [
            -122.96052904,
            54.24642222
          ],
          [
            -122.96062099,
            54.24645823
          ],
          [
            -122.96091256,
            54.2465302
          ],
          [
            -122.96129609,
            54.24663817
          ],
          [
            -122.96163371,
            54.24670113
          ],
          [
            -122.96181778,
            54.24676419
          ],
          [
            -122.96194053,
            54.24679116
          ],
          [
            -122.96214,
            54.24686315
          ],
          [
            -122.96243158,
            54.24692611
          ],
          [
            -122.96266169,
            54.2469711
          ],
          [
            -122.96298391,
            54.24706113
          ],
          [
            -122.96335218,
            54.24710616
          ],
          [
            -122.96370505,
            54.24716017
          ],
          [
            -122.96399663,
            54.24719626
          ],
          [
            -122.9642728,
            54.2472502
          ],
          [
            -122.96461043,
            54.24730422
          ],
          [
            -122.96468713,
            54.24732227
          ],
          [
            -122.96500935,
            54.24736729
          ],
          [
            -122.96536238,
            54.24741229
          ],
          [
            -122.96560789,
            54.24744837
          ],
          [
            -122.9656538,
            54.2474574
          ],
          [
            -122.96588406,
            54.24750231
          ],
          [
            -122.96619089,
            54.24753838
          ],
          [
            -122.96646721,
            54.24757438
          ],
          [
            -122.96682009,
            54.24764645
          ],
          [
            -122.96691219,
            54.24766439
          ],
          [
            -122.96720376,
            54.24770048
          ],
          [
            -122.96731113,
            54.24771843
          ],
          [
            -122.96738782,
            54.24774541
          ],
          [
            -122.96772544,
            54.24782639
          ],
          [
            -122.96803227,
            54.24786247
          ],
          [
            -122.96835448,
            54.24791642
          ],
          [
            -122.96853871,
            54.24794347
          ],
          [
            -122.96863081,
            54.2479525
          ],
          [
            -122.96878423,
            54.24797948
          ],
          [
            -122.96893763,
            54.24800643
          ],
          [
            -122.96904514,
            54.24802449
          ],
          [
            -122.96935196,
            54.24809646
          ],
          [
            -122.96972023,
            54.24815048
          ],
          [
            -122.97008852,
            54.24821345
          ],
          [
            -122.97044155,
            54.24826748
          ],
          [
            -122.97068706,
            54.24830356
          ],
          [
            -122.97142361,
            54.24844752
          ],
          [
            -122.97153097,
            54.24846546
          ],
          [
            -122.97185319,
            54.24851048
          ],
          [
            -122.97219082,
            54.2485645
          ],
          [
            -122.97254384,
            54.24861853
          ],
          [
            -122.97282001,
            54.24865451
          ],
          [
            -122.97318829,
            54.24871747
          ],
          [
            -122.9733725,
            54.24875355
          ],
          [
            -122.97369473,
            54.24880749
          ],
          [
            -122.97394025,
            54.2488885
          ],
          [
            -122.97429311,
            54.24896037
          ],
          [
            -122.97456944,
            54.24900538
          ],
          [
            -122.97492232,
            54.24909538
          ],
          [
            -122.97525994,
            54.24917631
          ],
          [
            -122.97564362,
            54.24923033
          ],
          [
            -122.97598125,
            54.24927534
          ],
          [
            -122.97616545,
            54.24926642
          ],
          [
            -122.97642622,
            54.24928438
          ],
          [
            -122.97676385,
            54.24931142
          ],
          [
            -122.97708622,
            54.24929357
          ],
          [
            -122.97719358,
            54.24928454
          ],
          [
            -122.9774853,
            54.24925766
          ],
          [
            -122.97780752,
            54.24924873
          ],
          [
            -122.9781299,
            54.24924882
          ],
          [
            -122.97845212,
            54.24922186
          ],
          [
            -122.97875909,
            54.24922194
          ],
          [
            -122.97914277,
            54.24921301
          ],
          [
            -122.97974132,
            54.2492131
          ],
          [
            -122.98000223,
            54.24922212
          ],
          [
            -122.98009434,
            54.24922212
          ],
          [
            -122.98010975,
            54.24922212
          ],
          [
            -122.98049343,
            54.24924011
          ],
          [
            -122.98058538,
            54.24924025
          ],
          [
            -122.9809538,
            54.24927624
          ],
          [
            -122.98124539,
            54.24929428
          ],
          [
            -122.98159841,
            54.24934822
          ],
          [
            -122.98193603,
            54.24939322
          ],
          [
            -122.98247312,
            54.24948315
          ],
          [
            -122.98271864,
            54.24952816
          ],
          [
            -122.98308691,
            54.24959112
          ],
          [
            -122.98333243,
            54.24967202
          ],
          [
            -122.98363941,
            54.24971703
          ],
          [
            -122.98385427,
            54.24976195
          ],
          [
            -122.98456018,
            54.24994181
          ],
          [
            -122.98482109,
            54.24998681
          ],
          [
            -122.98494384,
            54.24999584
          ],
          [
            -122.98529688,
            54.25008567
          ],
          [
            -122.98538883,
            54.25011272
          ],
          [
            -122.98548093,
            54.25012165
          ],
          [
            -122.98586461,
            54.25019363
          ],
          [
            -122.98595672,
            54.25021159
          ],
          [
            -122.98624829,
            54.25029257
          ],
          [
            -122.9863558,
            54.25031955
          ],
          [
            -122.98666263,
            54.25040044
          ],
          [
            -122.9870004,
            54.25045438
          ],
          [
            -122.98733788,
            54.25054431
          ],
          [
            -122.9877063,
            54.25062521
          ],
          [
            -122.98775236,
            54.25063423
          ],
          [
            -122.98812063,
            54.2507421
          ],
          [
            -122.9884122,
            54.25084096
          ],
          [
            -122.98858101,
            54.25091294
          ],
          [
            -122.98893404,
            54.25102983
          ],
          [
            -122.98905681,
            54.25106572
          ],
          [
            -122.98914891,
            54.25110171
          ],
          [
            -122.98942507,
            54.25120959
          ],
          [
            -122.98974745,
            54.25129049
          ],
          [
            -122.99005428,
            54.25143434
          ],
          [
            -122.99014638,
            54.25147024
          ],
          [
            -122.9904073,
            54.25151525
          ],
          [
            -122.99076032,
            54.25165009
          ],
          [
            -122.99092914,
            54.25170403
          ],
          [
            -122.9912361,
            54.25175796
          ],
          [
            -122.99155834,
            54.25182091
          ],
          [
            -122.99185006,
            54.25186583
          ],
          [
            -122.99215688,
            54.25188386
          ],
          [
            -122.9924332,
            54.25191986
          ],
          [
            -122.99257137,
            54.25192878
          ],
          [
            -122.99293979,
            54.25191985
          ],
          [
            -122.9932466,
            54.25191986
          ],
          [
            -122.99356899,
            54.25192887
          ],
          [
            -122.99379925,
            54.25192886
          ],
          [
            -122.99412148,
            54.25191093
          ],
          [
            -122.99445925,
            54.25188395
          ],
          [
            -122.99465872,
            54.25186601
          ],
          [
            -122.99495029,
            54.25181207
          ],
          [
            -122.99505779,
            54.25178519
          ],
          [
            -122.99536478,
            54.25174018
          ],
          [
            -122.99545687,
            54.25172224
          ],
          [
            -122.99582531,
            54.2516324
          ],
          [
            -122.99608622,
            54.25156052
          ],
          [
            -122.99619313,
            54.25154873
          ],
          [
            -122.99632926,
            54.25153447
          ],
          [
            -122.99650761,
            54.25149316
          ],
          [
            -122.99668229,
            54.2514594
          ],
          [
            -122.9968063,
            54.25143817
          ],
          [
            -122.99693148,
            54.25141673
          ],
          [
            -122.99728312,
            54.25139852
          ],
          [
            -122.9976668,
            54.25138951
          ],
          [
            -122.9977598,
            54.25138116
          ],
          [
            -122.99806586,
            54.25140722
          ],
          [
            -122.99824932,
            54.25142521
          ],
          [
            -122.99863489,
            54.2514168
          ],
          [
            -122.9989859,
            54.25138063
          ],
          [
            -122.99917133,
            54.25137176
          ],
          [
            -122.99952364,
            54.25131769
          ],
          [
            -122.99961537,
            54.25130034
          ],
          [
            -122.99997023,
            54.25126426
          ],
          [
            -123.00000105,
            54.2512639
          ],
          [
            -123.00015438,
            54.25124639
          ],
          [
            -123.0003687,
            54.25123711
          ],
          [
            -123.00089035,
            54.25123654
          ],
          [
            -123.00099745,
            54.25124591
          ],
          [
            -123.00130471,
            54.25128208
          ],
          [
            -123.00158122,
            54.25131749
          ],
          [
            -123.00184231,
            54.25132674
          ],
          [
            -123.00185768,
            54.25132712
          ],
          [
            -123.00210402,
            54.25135393
          ],
          [
            -123.00230221,
            54.25138124
          ],
          [
            -123.00246966,
            54.25140779
          ],
          [
            -123.00265501,
            54.25145271
          ],
          [
            -123.0028404,
            54.25147074
          ],
          [
            -123.00329839,
            54.25155153
          ],
          [
            -123.00359086,
            54.25160583
          ],
          [
            -123.00374612,
            54.25161471
          ],
          [
            -123.00386868,
            54.25162333
          ],
          [
            -123.00414316,
            54.2516867
          ],
          [
            -123.00442029,
            54.25174006
          ],
          [
            -123.00474289,
            54.2518035
          ],
          [
            -123.00501802,
            54.25193751
          ],
          [
            -123.00514171,
            54.25203639
          ],
          [
            -123.00517244,
            54.2520904
          ],
          [
            -123.00524866,
            54.25215393
          ],
          [
            -123.00535764,
            54.25224348
          ],
          [
            -123.00552548,
            54.2524236
          ],
          [
            -123.00558637,
            54.2524862
          ],
          [
            -123.00578571,
            54.25263011
          ],
          [
            -123.005985,
            54.25282782
          ],
          [
            -123.00617149,
            54.25301624
          ],
          [
            -123.00630796,
            54.25315131
          ],
          [
            -123.00652274,
            54.25332138
          ],
          [
            -123.00663034,
            54.25342996
          ],
          [
            -123.0068759,
            54.25360022
          ],
          [
            -123.00707649,
            54.25378003
          ],
          [
            -123.00722891,
            54.25398723
          ],
          [
            -123.00735256,
            54.25413992
          ],
          [
            -123.00753586,
            54.2543193
          ],
          [
            -123.00764419,
            54.25439146
          ],
          [
            -123.00784358,
            54.25450846
          ],
          [
            -123.00788975,
            54.25453538
          ],
          [
            -123.00802828,
            54.25458924
          ],
          [
            -123.00815016,
            54.25460737
          ],
          [
            -123.00842737,
            54.25460691
          ],
          [
            -123.00881042,
            54.25458047
          ],
          [
            -123.00890158,
            54.25457095
          ],
          [
            -123.00917886,
            54.25451668
          ],
          [
            -123.00928665,
            54.25449019
          ],
          [
            -123.00953252,
            54.25441778
          ],
          [
            -123.00991634,
            54.25430113
          ],
          [
            -123.01011525,
            54.25426567
          ],
          [
            -123.01022305,
            54.25426551
          ],
          [
            -123.01060688,
            54.2541752
          ],
          [
            -123.01134234,
            54.25404029
          ],
          [
            -123.0114187,
            54.25402255
          ],
          [
            -123.0115734,
            54.25395966
          ],
          [
            -123.01178902,
            54.25390612
          ],
          [
            -123.01206569,
            54.253807
          ],
          [
            -123.01237253,
            54.25371646
          ],
          [
            -123.0126934,
            54.25364476
          ],
          [
            -123.01330816,
            54.25355508
          ],
          [
            -123.01341661,
            54.25354597
          ],
          [
            -123.01379845,
            54.2535094
          ],
          [
            -123.01384398,
            54.25349203
          ],
          [
            -123.01393828,
            54.25346576
          ],
          [
            -123.01404302,
            54.25340164
          ],
          [
            -123.01433637,
            54.25325808
          ],
          [
            -123.01448845,
            54.25320465
          ],
          [
            -123.01462776,
            54.25311504
          ],
          [
            -123.01472021,
            54.25308761
          ],
          [
            -123.01488844,
            54.25297069
          ],
          [
            -123.01522548,
            54.25280859
          ],
          [
            -123.01547194,
            54.25272777
          ],
          [
            -123.01559448,
            54.25271004
          ],
          [
            -123.01591597,
            54.25267375
          ]
        ]
      },
      "geometry_name": "GEOMETRY",
      "properties": {
        "FOREST_FILE_ID": "7695",
        "ROAD_SECTION_ID": "01",
        "START_STATION": 0,
        "END_STATION": 39.158,
        "TIMBER_MARK": null,
        "ROAD_RESPONSIBILITY_TYPE_CODE": "OS",
        "RETIREMENT_DATE": null,
        "FEATURE_LENGTH": 39.158,
        "FEATURE_CLASS_SKEY": 558,
        "FILE_STATUS_CODE": "HI",
        "FILE_TYPE_CODE": "B40",
        "FILE_TYPE_DESCRIPTION": "Forest Service Road",
        "GEOGRAPHIC_DISTRICT_CODE": "DPG",
        "GEOGRAPHIC_DISTRICT_NAME": "Prince George Natural Resource District",
        "CLIENT_NUMBER": "00030042",
        "CLIENT_NAME": "PRINCE GEORGE FOREST DISTRICT ",
        "LIFE_CYCLE_STATUS_CODE": "ACTIVE",
        "MAP_LABEL": "7695 010",
        "FEATURE_LENGTH_M": 39158,
        "OBJECTID": 1817299,
        "SE_ANNO_CAD_DATA": null
      }
    },
    {
      "type": "Feature",
      "id": "WHSE_FOREST_TENURE.FTEN_ROAD_SEGMENT_LINES_SVW.fid--734e3ae_1a07f9f3c01_-2ef6",
      "geometry": {
        "type": "LineString",
        "coordinates": [
          [
            -122.90844272,
            54.05934207
          ],
          [
            -122.90829451,
            54.05946382
          ],
          [
            -122.90815009,
            54.05951029
          ],
          [
            -122.90802155,
            54.05952715
          ],
          [
            -122.90791128,
            54.05955945
          ],
          [
            -122.90775666,
            54.05955937
          ],
          [
            -122.90763588,
            54.05957471
          ],
          [
            -122.90754408,
            54.059607
          ],
          [
            -122.90747058,
            54.05964092
          ],
          [
            -122.90716894,
            54.0596777
          ],
          [
            -122.90710337,
            54.05967304
          ],
          [
            -122.90679974,
            54.0597901
          ],
          [
            -122.90666251,
            54.05979002
          ],
          [
            -122.9065707,
            54.05978526
          ],
          [
            -122.90629529,
            54.05982214
          ],
          [
            -122.90621126,
            54.05983901
          ],
          [
            -122.90612206,
            54.05986521
          ],
          [
            -122.90601973,
            54.05987749
          ],
          [
            -122.90589118,
            54.05991437
          ],
          [
            -122.90579922,
            54.05996838
          ],
          [
            -122.90568896,
            54.06002228
          ],
          [
            -122.90561547,
            54.06005458
          ],
          [
            -122.90556026,
            54.06013021
          ],
          [
            -122.90551558,
            54.0601626
          ],
          [
            -122.90533961,
            54.06025501
          ],
          [
            -122.90511117,
            54.06035674
          ],
          [
            -122.90510063,
            54.06041074
          ],
          [
            -122.9049904,
            54.06045847
          ],
          [
            -122.90489051,
            54.06051238
          ],
          [
            -122.9046517,
            54.06057241
          ],
          [
            -122.90466543,
            54.06058908
          ],
          [
            -122.90460245,
            54.06060605
          ],
          [
            -122.90453947,
            54.06060596
          ],
          [
            -122.90445542,
            54.06064292
          ],
          [
            -122.90438194,
            54.06067988
          ],
          [
            -122.90429014,
            54.06068606
          ],
          [
            -122.90417988,
            54.06072294
          ],
          [
            -122.90405925,
            54.06077228
          ],
          [
            -122.9038389,
            54.06078285
          ],
          [
            -122.90374953,
            54.06082602
          ],
          [
            -122.90368396,
            54.06085222
          ],
          [
            -122.90362098,
            54.06086918
          ],
          [
            -122.90353711,
            54.06087375
          ],
          [
            -122.90343723,
            54.06091681
          ],
          [
            -122.90338995,
            54.06094919
          ],
          [
            -122.90330929,
            54.06103182
          ],
          [
            -122.9031333,
            54.0611505
          ],
          [
            -122.90308069,
            54.06120918
          ],
          [
            -122.90295197,
            54.06131243
          ],
          [
            -122.90291523,
            54.06133864
          ],
          [
            -122.9028495,
            54.06139262
          ],
          [
            -122.90282328,
            54.06142036
          ],
          [
            -122.90281261,
            54.06145275
          ],
          [
            -122.90261055,
            54.06153905
          ],
          [
            -122.90240056,
            54.0615821
          ],
          [
            -122.90225356,
            54.06162515
          ],
          [
            -122.90214314,
            54.06167567
          ],
          [
            -122.9020698,
            54.06171146
          ],
          [
            -122.9020149,
            54.06179893
          ],
          [
            -122.90194384,
            54.06186836
          ],
          [
            -122.90188879,
            54.06190065
          ],
          [
            -122.90176801,
            54.06193761
          ],
          [
            -122.90163945,
            54.06196534
          ],
          [
            -122.90131922,
            54.06205612
          ],
          [
            -122.90119066,
            54.06208376
          ],
          [
            -122.90104366,
            54.06213149
          ],
          [
            -122.90092304,
            54.06213138
          ],
          [
            -122.90072967,
            54.06220343
          ],
          [
            -122.90064824,
            54.06224648
          ],
          [
            -122.90037267,
            54.06234812
          ],
          [
            -122.90028072,
            54.06236508
          ],
          [
            -122.90020722,
            54.06239737
          ],
          [
            -122.90009697,
            54.06243432
          ],
          [
            -122.8999684,
            54.06244501
          ],
          [
            -122.89989506,
            54.06242492
          ],
          [
            -122.89976179,
            54.06245516
          ],
          [
            -122.89963003,
            54.06246637
          ],
          [
            -122.89946472,
            54.06252645
          ],
          [
            -122.89903164,
            54.06263869
          ],
          [
            -122.89888569,
            54.06265985
          ],
          [
            -122.89875699,
            54.06272463
          ],
          [
            -122.89864673,
            54.06280634
          ],
          [
            -122.89857293,
            54.06290808
          ],
          [
            -122.89849133,
            54.06304228
          ],
          [
            -122.89844407,
            54.06307932
          ],
          [
            -122.89835197,
            54.06319801
          ],
          [
            -122.89824948,
            54.06329057
          ],
          [
            -122.89816546,
            54.06338397
          ],
          [
            -122.89792284,
            54.06353396
          ],
          [
            -122.89792405,
            54.06354014
          ],
          [
            -122.89793641,
            54.06360356
          ],
          [
            -122.8983637,
            54.06409686
          ],
          [
            -122.89871367,
            54.06438955
          ],
          [
            -122.89911474,
            54.06466307
          ],
          [
            -122.89941029,
            54.06523967
          ],
          [
            -122.89955591,
            54.06542903
          ],
          [
            -122.89976972,
            54.06558968
          ],
          [
            -122.89993516,
            54.06566431
          ],
          [
            -122.90011998,
            54.06581349
          ],
          [
            -122.90022675,
            54.06596267
          ],
          [
            -122.90039997,
            54.0663263
          ],
          [
            -122.90071076,
            54.06676788
          ],
          [
            -122.90123564,
            54.06716382
          ],
          [
            -122.90139104,
            54.06737603
          ],
          [
            -122.90144914,
            54.06751937
          ],
          [
            -122.90138535,
            54.06774488
          ],
          [
            -122.90128216,
            54.06810966
          ],
          [
            -122.90124267,
            54.06835614
          ],
          [
            -122.90130839,
            54.06863348
          ],
          [
            -122.9015318,
            54.06890882
          ],
          [
            -122.90193926,
            54.06957983
          ],
          [
            -122.90194856,
            54.0697575
          ],
          [
            -122.90243472,
            54.07012479
          ],
          [
            -122.90357311,
            54.07076196
          ],
          [
            -122.90402449,
            54.07103705
          ],
          [
            -122.90426268,
            54.07116655
          ],
          [
            -122.9043987,
            54.0713845
          ],
          [
            -122.90450529,
            54.07162531
          ],
          [
            -122.90458247,
            54.07190047
          ],
          [
            -122.90455242,
            54.07227303
          ],
          [
            -122.90440495,
            54.07286909
          ],
          [
            -122.90424834,
            54.07321284
          ],
          [
            -122.90416553,
            54.07348109
          ],
          [
            -122.90406155,
            54.07418788
          ],
          [
            -122.90386558,
            54.07467495
          ],
          [
            -122.90352048,
            54.07517177
          ],
          [
            -122.90346484,
            54.07524783
          ],
          [
            -122.90340581,
            54.07548852
          ],
          [
            -122.90345354,
            54.07591845
          ],
          [
            -122.90360665,
            54.07671604
          ],
          [
            -122.90358575,
            54.07732933
          ],
          [
            -122.90363287,
            54.07801723
          ],
          [
            -122.90360268,
            54.07838972
          ],
          [
            -122.90351439,
            54.07863616
          ],
          [
            -122.9032216,
            54.0789136
          ],
          [
            -122.90299681,
            54.07919427
          ],
          [
            -122.90301588,
            54.07936625
          ],
          [
            -122.90313697,
            54.07967822
          ],
          [
            -122.90354703,
            54.08103698
          ],
          [
            -122.90366353,
            54.08132678
          ],
          [
            -122.90366864,
            54.08133469
          ],
          [
            -122.90395448,
            54.08177673
          ],
          [
            -122.90419756,
            54.08204634
          ],
          [
            -122.90447954,
            54.08227581
          ],
          [
            -122.9048591,
            54.08248249
          ],
          [
            -122.90539449,
            54.0827122
          ],
          [
            -122.90623155,
            54.08315424
          ],
          [
            -122.90648531,
            54.08342592
          ],
          [
            -122.90659205,
            54.08364954
          ],
          [
            -122.90663033,
            54.08390757
          ],
          [
            -122.90662956,
            54.08429733
          ],
          [
            -122.90660959,
            54.08452086
          ],
          [
            -122.90654082,
            54.08477872
          ],
          [
            -122.90646257,
            54.08489328
          ],
          [
            -122.90614051,
            54.08512812
          ],
          [
            -122.90544772,
            54.08546577
          ],
          [
            -122.90486274,
            54.08563719
          ],
          [
            -122.90443379,
            54.08568275
          ]
        ]
      },
      "geometry_name": "GEOMETRY",
      "properties": {
        "FOREST_FILE_ID": "R11689",
        "ROAD_SECTION_ID": "1A",
        "START_STATION": 0,
        "END_STATION": 3.6631,
        "TIMBER_MARK": "R11689",
        "ROAD_RESPONSIBILITY_TYPE_CODE": null,
        "RETIREMENT_DATE": null,
        "FEATURE_LENGTH": 3.6631,
        "FEATURE_CLASS_SKEY": 767,
        "FILE_STATUS_CODE": "HI",
        "FILE_TYPE_CODE": "B01",
        "FILE_TYPE_DESCRIPTION": "Road Permit",
        "GEOGRAPHIC_DISTRICT_CODE": "DPG",
        "GEOGRAPHIC_DISTRICT_NAME": "Prince George Natural Resource District",
        "CLIENT_NUMBER": "00144702",
        "CLIENT_NAME": "SORINE WINTHER HOLDINGS LTD.",
        "LIFE_CYCLE_STATUS_CODE": "ACTIVE",
        "MAP_LABEL": "R11689 1A0",
        "FEATURE_LENGTH_M": 3663.0747,
        "OBJECTID": 1571957,
        "SE_ANNO_CAD_DATA": null
      }
    },
    {
      "type": "Feature",
      "id": "WHSE_FOREST_TENURE.FTEN_ROAD_SEGMENT_LINES_SVW.fid--734e3ae_1a07f9f3c01_-2ef5",
      "geometry": {
        "type": "LineString",
        "coordinates": [
          [
            -122.90138541,
            54.06774487
          ],
          [
            -122.90201886,
            54.06767267
          ],
          [
            -122.90256891,
            54.06761777
          ],
          [
            -122.90283929,
            54.06758881
          ],
          [
            -122.90412451,
            54.0675122
          ],
          [
            -122.90608577,
            54.06733926
          ],
          [
            -122.90702346,
            54.0672832
          ],
          [
            -122.9072063,
            54.06727226
          ],
          [
            -122.90791007,
            54.06720004
          ]
        ]
      },
      "geometry_name": "GEOMETRY",
      "properties": {
        "FOREST_FILE_ID": "R11689",
        "ROAD_SECTION_ID": "1B",
        "START_STATION": 0,
        "END_STATION": 0.4306,
        "TIMBER_MARK": "R11689",
        "ROAD_RESPONSIBILITY_TYPE_CODE": null,
        "RETIREMENT_DATE": null,
        "FEATURE_LENGTH": 0.4306,
        "FEATURE_CLASS_SKEY": 767,
        "FILE_STATUS_CODE": "HI",
        "FILE_TYPE_CODE": "B01",
        "FILE_TYPE_DESCRIPTION": "Road Permit",
        "GEOGRAPHIC_DISTRICT_CODE": "DPG",
        "GEOGRAPHIC_DISTRICT_NAME": "Prince George Natural Resource District",
        "CLIENT_NUMBER": "00144702",
        "CLIENT_NAME": "SORINE WINTHER HOLDINGS LTD.",
        "LIFE_CYCLE_STATUS_CODE": "ACTIVE",
        "MAP_LABEL": "R11689 1B0",
        "FEATURE_LENGTH_M": 430.5602,
        "OBJECTID": 1571958,
        "SE_ANNO_CAD_DATA": null
      }
    },
    {
      "type": "Feature",
      "id": "WHSE_FOREST_TENURE.FTEN_ROAD_SEGMENT_LINES_SVW.fid--734e3ae_1a07f9f3c01_-2ef4",
      "geometry": {
        "type": "LineString",
        "coordinates": [
          [
            -122.90366864,
            54.08133469
          ],
          [
            -122.90301985,
            54.08134569
          ],
          [
            -122.9019626,
            54.08129998
          ],
          [
            -122.9011989,
            54.08133289
          ],
          [
            -122.90014425,
            54.08141815
          ],
          [
            -122.89952907,
            54.08144641
          ],
          [
            -122.89848829,
            54.08148003
          ],
          [
            -122.897756,
            54.08150245
          ],
          [
            -122.89730203,
            54.08153939
          ],
          [
            -122.89652903,
            54.08176229
          ]
        ]
      },
      "geometry_name": "GEOMETRY",
      "properties": {
        "FOREST_FILE_ID": "R11689",
        "ROAD_SECTION_ID": "1C",
        "START_STATION": 0,
        "END_STATION": 0.4734,
        "TIMBER_MARK": "R11689",
        "ROAD_RESPONSIBILITY_TYPE_CODE": null,
        "RETIREMENT_DATE": null,
        "FEATURE_LENGTH": 0.4734,
        "FEATURE_CLASS_SKEY": 767,
        "FILE_STATUS_CODE": "HI",
        "FILE_TYPE_CODE": "B01",
        "FILE_TYPE_DESCRIPTION": "Road Permit",
        "GEOGRAPHIC_DISTRICT_CODE": "DPG",
        "GEOGRAPHIC_DISTRICT_NAME": "Prince George Natural Resource District",
        "CLIENT_NUMBER": "00144702",
        "CLIENT_NAME": "SORINE WINTHER HOLDINGS LTD.",
        "LIFE_CYCLE_STATUS_CODE": "ACTIVE",
        "MAP_LABEL": "R11689 1C0",
        "FEATURE_LENGTH_M": 473.3744,
        "OBJECTID": 1571959,
        "SE_ANNO_CAD_DATA": null
      }
    },
    {
      "type": "Feature",
      "id": "WHSE_FOREST_TENURE.FTEN_ROAD_SEGMENT_LINES_SVW.fid--734e3ae_1a07f9f3c01_-2ef3",
      "geometry": {
        "type": "LineString",
        "coordinates": [
          [
            -122.93010934,
            54.13185217
          ],
          [
            -122.93040295,
            54.13185069
          ],
          [
            -122.93054517,
            54.13184576
          ],
          [
            -122.93071875,
            54.13183929
          ],
          [
            -122.93094409,
            54.1318337
          ],
          [
            -122.9310578,
            54.13183922
          ],
          [
            -122.93111905,
            54.13184219
          ],
          [
            -122.93123491,
            54.13184782
          ],
          [
            -122.93133047,
            54.13185911
          ],
          [
            -122.93146242,
            54.13187469
          ],
          [
            -122.93163939,
            54.13189653
          ],
          [
            -122.93173808,
            54.13191197
          ],
          [
            -122.93183761,
            54.1319254
          ],
          [
            -122.9319343,
            54.13194217
          ],
          [
            -122.93203383,
            54.13195728
          ],
          [
            -122.93221869,
            54.1319791
          ],
          [
            -122.932557,
            54.13200347
          ],
          [
            -122.93284506,
            54.13201472
          ],
          [
            -122.93310672,
            54.13202217
          ],
          [
            -122.9335478,
            54.13205353
          ],
          [
            -122.93385044,
            54.13207506
          ],
          [
            -122.93426147,
            54.13208237
          ],
          [
            -122.93452007,
            54.13208973
          ],
          [
            -122.93469312,
            54.13209281
          ],
          [
            -122.93485872,
            54.13209575
          ],
          [
            -122.93508297,
            54.1321069
          ],
          [
            -122.93535081,
            54.13213757
          ],
          [
            -122.93555819,
            54.13215903
          ],
          [
            -122.93576638,
            54.13218287
          ],
          [
            -122.93587131,
            54.1322081
          ],
          [
            -122.93594238,
            54.13223153
          ],
          [
            -122.93605558,
            54.13228326
          ],
          [
            -122.93626069,
            54.13239718
          ],
          [
            -122.93635178,
            54.13247367
          ],
          [
            -122.93638585,
            54.13251312
          ],
          [
            -122.93642842,
            54.13258069
          ],
          [
            -122.9364585,
            54.13265318
          ],
          [
            -122.93648793,
            54.13273284
          ],
          [
            -122.93654807,
            54.13294367
          ],
          [
            -122.936582,
            54.13308604
          ],
          [
            -122.93663656,
            54.13328909
          ],
          [
            -122.93668468,
            54.13355859
          ],
          [
            -122.9366983,
            54.13371074
          ],
          [
            -122.93669925,
            54.13372141
          ],
          [
            -122.93669254,
            54.13377934
          ],
          [
            -122.93667217,
            54.13385345
          ],
          [
            -122.93666168,
            54.13388128
          ],
          [
            -122.93664314,
            54.13391637
          ],
          [
            -122.93661272,
            54.13395682
          ],
          [
            -122.93640305,
            54.13421712
          ],
          [
            -122.93628346,
            54.13436251
          ],
          [
            -122.93625373,
            54.13440316
          ],
          [
            -122.93611165,
            54.1346649
          ],
          [
            -122.9361066,
            54.13469338
          ],
          [
            -122.93611225,
            54.13472849
          ],
          [
            -122.9361406,
            54.13478031
          ],
          [
            -122.93617526,
            54.13482735
          ],
          [
            -122.93628672,
            54.13493917
          ],
          [
            -122.93635771,
            54.13502279
          ],
          [
            -122.93650968,
            54.13520278
          ],
          [
            -122.93661686,
            54.13535899
          ],
          [
            -122.93668357,
            54.13545623
          ],
          [
            -122.93673646,
            54.1355374
          ],
          [
            -122.93688322,
            54.13576257
          ],
          [
            -122.93701808,
            54.13593274
          ],
          [
            -122.9371046,
            54.13602449
          ],
          [
            -122.93715562,
            54.13605291
          ],
          [
            -122.93721536,
            54.13607859
          ],
          [
            -122.93729208,
            54.13610146
          ],
          [
            -122.93740015,
            54.13612992
          ],
          [
            -122.9375335,
            54.13615541
          ],
          [
            -122.93795447,
            54.13617185
          ],
          [
            -122.93810273,
            54.13617209
          ],
          [
            -122.93825442,
            54.13615806
          ],
          [
            -122.93839011,
            54.13612709
          ],
          [
            -122.93847879,
            54.13609623
          ],
          [
            -122.93851252,
            54.13608337
          ],
          [
            -122.93872816,
            54.13598579
          ],
          [
            -122.93882436,
            54.13594111
          ],
          [
            -122.93886827,
            54.13591752
          ],
          [
            -122.93890058,
            54.13589931
          ],
          [
            -122.939189,
            54.13573679
          ],
          [
            -122.93923968,
            54.1357038
          ],
          [
            -122.93937112,
            54.13562126
          ],
          [
            -122.93954829,
            54.13551003
          ],
          [
            -122.93987405,
            54.13533474
          ],
          [
            -122.93988228,
            54.13532808
          ],
          [
            -122.94002764,
            54.13524315
          ],
          [
            -122.94033576,
            54.13505654
          ],
          [
            -122.94049119,
            54.13497543
          ],
          [
            -122.94060354,
            54.13490459
          ],
          [
            -122.94081241,
            54.1347816
          ],
          [
            -122.94083129,
            54.1347693
          ],
          [
            -122.94087398,
            54.13475595
          ],
          [
            -122.94092522,
            54.13474744
          ],
          [
            -122.94111282,
            54.1347348
          ],
          [
            -122.94124524,
            54.13472606
          ],
          [
            -122.94171185,
            54.13473652
          ],
          [
            -122.9422067,
            54.13474826
          ],
          [
            -122.94238876,
            54.13475002
          ],
          [
            -122.94259892,
            54.13475697
          ],
          [
            -122.94284954,
            54.134782
          ],
          [
            -122.94301164,
            54.13480046
          ],
          [
            -122.94315102,
            54.13482226
          ],
          [
            -122.94346803,
            54.13487079
          ],
          [
            -122.94365158,
            54.13489584
          ],
          [
            -122.94407754,
            54.13497332
          ],
          [
            -122.9444294,
            54.13502512
          ],
          [
            -122.94466546,
            54.13507203
          ],
          [
            -122.94477635,
            54.13510384
          ],
          [
            -122.94483605,
            54.13512226
          ],
          [
            -122.94492988,
            54.13516408
          ],
          [
            -122.94511183,
            54.13525537
          ],
          [
            -122.94524229,
            54.13534011
          ],
          [
            -122.94530509,
            54.13538825
          ],
          [
            -122.9453704,
            54.13546183
          ],
          [
            -122.94544336,
            54.13556238
          ],
          [
            -122.94556961,
            54.13582181
          ],
          [
            -122.9456031,
            54.13588985
          ],
          [
            -122.94561439,
            54.13597177
          ],
          [
            -122.9456155,
            54.13604171
          ],
          [
            -122.94560283,
            54.13610549
          ],
          [
            -122.94558568,
            54.13616566
          ],
          [
            -122.94556188,
            54.13620676
          ],
          [
            -122.94550019,
            54.13628096
          ],
          [
            -122.945317,
            54.13644282
          ],
          [
            -122.94512744,
            54.13661875
          ],
          [
            -122.9450687,
            54.13666355
          ],
          [
            -122.94499814,
            54.13670587
          ],
          [
            -122.94462585,
            54.13687832
          ],
          [
            -122.94454931,
            54.13691136
          ],
          [
            -122.94438128,
            54.13704147
          ],
          [
            -122.9442515,
            54.13717933
          ],
          [
            -122.94417037,
            54.13728392
          ],
          [
            -122.94414315,
            54.13732259
          ],
          [
            -122.9440542,
            54.13746804
          ],
          [
            -122.94402459,
            54.13755109
          ],
          [
            -122.94397544,
            54.13768334
          ],
          [
            -122.94385362,
            54.13793059
          ],
          [
            -122.9437885,
            54.13816361
          ],
          [
            -122.94379626,
            54.13840617
          ],
          [
            -122.94382036,
            54.13856313
          ],
          [
            -122.94389285,
            54.13886279
          ],
          [
            -122.94393317,
            54.13899598
          ],
          [
            -122.94402213,
            54.13909589
          ],
          [
            -122.94426486,
            54.13929576
          ],
          [
            -122.94459452,
            54.13950052
          ]
        ]
      },
      "geometry_name": "GEOMETRY",
      "properties": {
        "FOREST_FILE_ID": "R21158",
        "ROAD_SECTION_ID": "99",
        "START_STATION": 0,
        "END_STATION": 1.977,
        "TIMBER_MARK": "93278",
        "ROAD_RESPONSIBILITY_TYPE_CODE": null,
        "RETIREMENT_DATE": "2019-01-16Z",
        "FEATURE_LENGTH": 1.977,
        "FEATURE_CLASS_SKEY": 767,
        "FILE_STATUS_CODE": "HC",
        "FILE_TYPE_CODE": "B01",
        "FILE_TYPE_DESCRIPTION": "Road Permit",
        "GEOGRAPHIC_DISTRICT_CODE": "DPG",
        "GEOGRAPHIC_DISTRICT_NAME": "Prince George Natural Resource District",
        "CLIENT_NUMBER": "00053511",
        "CLIENT_NAME": "NELSON",
        "LIFE_CYCLE_STATUS_CODE": "RETIRED",
        "MAP_LABEL": "R21158 990",
        "FEATURE_LENGTH_M": 1977.0006,
        "OBJECTID": 1758628,
        "SE_ANNO_CAD_DATA": null
      }
    },
    {
      "type": "Feature",
      "id": "WHSE_FOREST_TENURE.FTEN_ROAD_SEGMENT_LINES_SVW.fid--734e3ae_1a07f9f3c01_-2ef2",
      "geometry": {
        "type": "LineString",
        "coordinates": [
          [
            -122.83945039,
            54.15427049
          ],
          [
            -122.84012565,
            54.15387593
          ],
          [
            -122.84101551,
            54.15341874
          ],
          [
            -122.8418439,
            54.15301538
          ],
          [
            -122.84207379,
            54.15296175
          ],
          [
            -122.84265621,
            54.15280973
          ],
          [
            -122.84398937,
            54.15253284
          ],
          [
            -122.84461751,
            54.15243479
          ],
          [
            -122.84539898,
            54.152283
          ],
          [
            -122.84625676,
            54.15219423
          ],
          [
            -122.84683897,
            54.15209611
          ],
          [
            -122.84749771,
            54.15199807
          ],
          [
            -122.84826375,
            54.15187321
          ],
          [
            -122.84889181,
            54.15179311
          ],
          [
            -122.84948925,
            54.15171297
          ],
          [
            -122.85036219,
            54.15166013
          ],
          [
            -122.85095956,
            54.15159796
          ],
          [
            -122.85174046,
            54.15158994
          ],
          [
            -122.8524754,
            54.15159084
          ],
          [
            -122.85340935,
            54.15160097
          ],
          [
            -122.8542821,
            54.15160203
          ],
          [
            -122.85510909,
            54.1515491
          ],
          [
            -122.8560433,
            54.15148731
          ],
          [
            -122.85757457,
            54.15144419
          ],
          [
            -122.85861574,
            54.15144542
          ],
          [
            -122.85939677,
            54.1514014
          ],
          [
            -122.86007046,
            54.15140217
          ],
          [
            -122.86074435,
            54.15134005
          ],
          [
            -122.86129586,
            54.1512508
          ],
          [
            -122.86136014,
            54.1512394
          ],
          [
            -122.86164822,
            54.1511883
          ],
          [
            -122.86216917,
            54.15108104
          ],
          [
            -122.86275114,
            54.15103677
          ],
          [
            -122.86327191,
            54.15097444
          ],
          [
            -122.86357814,
            54.15097479
          ],
          [
            -122.86402181,
            54.15108315
          ],
          [
            -122.86457225,
            54.15131745
          ],
          [
            -122.86490835,
            54.15154252
          ],
          [
            -122.86550453,
            54.15183978
          ],
          [
            -122.86610103,
            54.15203817
          ],
          [
            -122.86672838,
            54.15217368
          ],
          [
            -122.86717227,
            54.15221911
          ],
          [
            -122.8679221,
            54.15235475
          ],
          [
            -122.86867225,
            54.15239153
          ],
          [
            -122.86923889,
            54.15235619
          ],
          [
            -122.86975986,
            54.15223992
          ],
          [
            -122.87015841,
            54.15209654
          ],
          [
            -122.8703736,
            54.15182714
          ],
          [
            -122.87066565,
            54.15168139
          ],
          [
            -122.87112475,
            54.15154034
          ],
          [
            -122.87169166,
            54.15141512
          ],
          [
            -122.87239645,
            54.15126308
          ],
          [
            -122.87310136,
            54.1510661
          ],
          [
            -122.87421991,
            54.15078865
          ],
          [
            -122.87484798,
            54.15069044
          ],
          [
            -122.87570581,
            54.15054752
          ],
          [
            -122.87671672,
            54.15041375
          ],
          [
            -122.87762039,
            54.15030682
          ],
          [
            -122.87856974,
            54.15028081
          ],
          [
            -122.87944263,
            54.15021878
          ],
          [
            -122.88059099,
            54.15020195
          ],
          [
            -122.88134112,
            54.15023864
          ],
          [
            -122.8818921,
            54.15031108
          ],
          [
            -122.88251954,
            54.15041955
          ],
          [
            -122.88304004,
            54.15044702
          ],
          [
            -122.88368335,
            54.15035776
          ],
          [
            -122.88418894,
            54.15024142
          ],
          [
            -122.88472516,
            54.1501161
          ],
          [
            -122.88523059,
            54.15005366
          ],
          [
            -122.88561343,
            54.15002707
          ],
          [
            -122.88624139,
            54.14994678
          ],
          [
            -122.88676185,
            54.14998322
          ],
          [
            -122.88720579,
            54.15001059
          ],
          [
            -122.88806307,
            54.1499485
          ]
        ]
      },
      "geometry_name": "GEOMETRY",
      "properties": {
        "FOREST_FILE_ID": "R18712",
        "ROAD_SECTION_ID": "4",
        "START_STATION": 0,
        "END_STATION": 3.3696,
        "TIMBER_MARK": "K1N0R1",
        "ROAD_RESPONSIBILITY_TYPE_CODE": null,
        "RETIREMENT_DATE": null,
        "FEATURE_LENGTH": 3.3696,
        "FEATURE_CLASS_SKEY": 767,
        "FILE_STATUS_CODE": "HI",
        "FILE_TYPE_CODE": "B01",
        "FILE_TYPE_DESCRIPTION": "Road Permit",
        "GEOGRAPHIC_DISTRICT_CODE": "DPG",
        "GEOGRAPHIC_DISTRICT_NAME": "Prince George Natural Resource District",
        "CLIENT_NUMBER": "00167536",
        "CLIENT_NAME": "TANO T'ENNEH LIMITED PARTNERSHIP",
        "LIFE_CYCLE_STATUS_CODE": "ACTIVE",
        "MAP_LABEL": "R18712 40",
        "FEATURE_LENGTH_M": 3369.6,
        "OBJECTID": 1713455,
        "SE_ANNO_CAD_DATA": null
      }
    },
    {
      "type": "Feature",
      "id": "WHSE_FOREST_TENURE.FTEN_ROAD_SEGMENT_LINES_SVW.fid--734e3ae_1a07f9f3c01_-2ef1",
      "geometry": {
        "type": "LineString",
        "coordinates": [
          [
            -122.84229632,
            54.1413431
          ],
          [
            -122.84238028,
            54.14136597
          ],
          [
            -122.84252329,
            54.14143331
          ],
          [
            -122.84265881,
            54.14150016
          ],
          [
            -122.84280164,
            54.14158917
          ],
          [
            -122.84290315,
            54.14166109
          ],
          [
            -122.84302039,
            54.14173397
          ],
          [
            -122.84314429,
            54.14180928
          ],
          [
            -122.84332895,
            54.1419128
          ],
          [
            -122.84364872,
            54.14205932
          ],
          [
            -122.84376539,
            54.14212403
          ],
          [
            -122.84383656,
            54.14216501
          ],
          [
            -122.8440171,
            54.14225973
          ],
          [
            -122.84409044,
            54.14230834
          ],
          [
            -122.84421022,
            54.14237236
          ],
          [
            -122.84434735,
            54.14244815
          ],
          [
            -122.84453477,
            54.1425598
          ],
          [
            -122.84473316,
            54.14266893
          ],
          [
            -122.84480643,
            54.14271955
          ],
          [
            -122.84489838,
            54.14278234
          ],
          [
            -122.84503265,
            54.14286934
          ],
          [
            -122.84521251,
            54.14295789
          ],
          [
            -122.84534865,
            54.14301359
          ],
          [
            -122.84548649,
            54.14308011
          ],
          [
            -122.84573355,
            54.14321451
          ],
          [
            -122.84580768,
            54.14325202
          ],
          [
            -122.84587571,
            54.14328718
          ],
          [
            -122.84592843,
            54.14332172
          ],
          [
            -122.84598542,
            54.14335139
          ],
          [
            -122.84609541,
            54.14340445
          ],
          [
            -122.84622674,
            54.14347092
          ],
          [
            -122.84628617,
            54.14350531
          ],
          [
            -122.84634735,
            54.14354945
          ],
          [
            -122.84642716,
            54.14361911
          ],
          [
            -122.84654919,
            54.14371759
          ],
          [
            -122.8466411,
            54.14378627
          ],
          [
            -122.84678708,
            54.14387903
          ],
          [
            -122.84690987,
            54.14394112
          ],
          [
            -122.84702009,
            54.14399302
          ],
          [
            -122.8470661,
            54.14401339
          ],
          [
            -122.84715385,
            54.14407379
          ],
          [
            -122.8472404,
            54.14411506
          ],
          [
            -122.84733218,
            54.14415339
          ],
          [
            -122.84741656,
            54.14419568
          ],
          [
            -122.84755241,
            54.14424622
          ],
          [
            -122.84765311,
            54.1442917
          ],
          [
            -122.84769691,
            54.14433847
          ],
          [
            -122.84774626,
            54.14437431
          ],
          [
            -122.84783452,
            54.14442777
          ],
          [
            -122.84795656,
            54.14450421
          ],
          [
            -122.84805854,
            54.14453314
          ],
          [
            -122.84821035,
            54.14456059
          ],
          [
            -122.84834801,
            54.14459189
          ],
          [
            -122.84851287,
            54.14459887
          ],
          [
            -122.84866196,
            54.14459999
          ],
          [
            -122.84890358,
            54.14456757
          ],
          [
            -122.84902933,
            54.14454338
          ],
          [
            -122.84907352,
            54.14451253
          ],
          [
            -122.84915199,
            54.14447725
          ],
          [
            -122.84926148,
            54.14443861
          ],
          [
            -122.84937813,
            54.14436838
          ],
          [
            -122.84951788,
            54.14430564
          ],
          [
            -122.84962417,
            54.14424478
          ],
          [
            -122.84973068,
            54.14418537
          ],
          [
            -122.8498176,
            54.14413232
          ],
          [
            -122.84992194,
            54.14409908
          ],
          [
            -122.85002142,
            54.14403669
          ],
          [
            -122.8501286,
            54.14396621
          ],
          [
            -122.85022347,
            54.14390273
          ],
          [
            -122.85025412,
            54.14387269
          ],
          [
            -122.85036315,
            54.14380916
          ],
          [
            -122.85043557,
            54.14375989
          ],
          [
            -122.85057391,
            54.14368468
          ],
          [
            -122.85072962,
            54.14359886
          ],
          [
            -122.8507992,
            54.14357137
          ],
          [
            -122.85096426,
            54.14351224
          ],
          [
            -122.8512836,
            54.14341403
          ],
          [
            -122.85187386,
            54.14331256
          ],
          [
            -122.85230066,
            54.14325429
          ],
          [
            -122.85266026,
            54.14318525
          ],
          [
            -122.8531264,
            54.14309085
          ],
          [
            -122.85356292,
            54.14299911
          ],
          [
            -122.85387274,
            54.14293236
          ],
          [
            -122.85424347,
            54.14279345
          ],
          [
            -122.85445466,
            54.14272721
          ],
          [
            -122.85488578,
            54.14254901
          ],
          [
            -122.85516035,
            54.14242654
          ],
          [
            -122.85537697,
            54.14228003
          ],
          [
            -122.85562648,
            54.14203535
          ],
          [
            -122.85605561,
            54.14170708
          ],
          [
            -122.85631484,
            54.14147635
          ],
          [
            -122.85645081,
            54.14139054
          ],
          [
            -122.85665059,
            54.1413167
          ],
          [
            -122.85683612,
            54.14127545
          ],
          [
            -122.85704741,
            54.14128233
          ],
          [
            -122.85720387,
            54.14131388
          ],
          [
            -122.85743754,
            54.14144431
          ],
          [
            -122.85755162,
            54.14148888
          ],
          [
            -122.85772056,
            54.1415546
          ],
          [
            -122.857854,
            54.14158499
          ],
          [
            -122.85811433,
            54.14164328
          ],
          [
            -122.85830712,
            54.14169424
          ],
          [
            -122.85863932,
            54.14178058
          ],
          [
            -122.85884184,
            54.14185791
          ],
          [
            -122.85926885,
            54.14201336
          ],
          [
            -122.85948392,
            54.14212544
          ],
          [
            -122.85962533,
            54.14224259
          ],
          [
            -122.8603506,
            54.14272168
          ],
          [
            -122.86048293,
            54.14283848
          ],
          [
            -122.86051883,
            54.14290813
          ],
          [
            -122.86052941,
            54.14300117
          ],
          [
            -122.86050061,
            54.14317554
          ],
          [
            -122.86051003,
            54.14364316
          ],
          [
            -122.86052571,
            54.14374664
          ],
          [
            -122.86056003,
            54.14383686
          ],
          [
            -122.86059829,
            54.14403026
          ],
          [
            -122.86058618,
            54.14424945
          ],
          [
            -122.86059942,
            54.1444083
          ],
          [
            -122.86060245,
            54.14453662
          ],
          [
            -122.86056918,
            54.14490181
          ],
          [
            -122.8605332,
            54.14508764
          ],
          [
            -122.86053962,
            54.14525636
          ],
          [
            -122.86053495,
            54.14540232
          ],
          [
            -122.8605462,
            54.14550748
          ],
          [
            -122.86061879,
            54.14573409
          ],
          [
            -122.86073093,
            54.14594675
          ],
          [
            -122.86088575,
            54.14627288
          ],
          [
            -122.86105138,
            54.14645696
          ],
          [
            -122.86116735,
            54.14653488
          ],
          [
            -122.86130074,
            54.14657989
          ],
          [
            -122.86176908,
            54.14669283
          ],
          [
            -122.86240853,
            54.14682989
          ],
          [
            -122.86267323,
            54.14689717
          ],
          [
            -122.86295011,
            54.14698118
          ],
          [
            -122.86354702,
            54.14720302
          ],
          [
            -122.86402732,
            54.14740447
          ],
          [
            -122.86440321,
            54.14755518
          ]
        ]
      },
      "geometry_name": "GEOMETRY",
      "properties": {
        "FOREST_FILE_ID": "R19096",
        "ROAD_SECTION_ID": "99",
        "START_STATION": 0,
        "END_STATION": 2.1975,
        "TIMBER_MARK": "83247",
        "ROAD_RESPONSIBILITY_TYPE_CODE": null,
        "RETIREMENT_DATE": "2015-01-14Z",
        "FEATURE_LENGTH": 2.1975,
        "FEATURE_CLASS_SKEY": 767,
        "FILE_STATUS_CODE": "HC",
        "FILE_TYPE_CODE": "B01",
        "FILE_TYPE_DESCRIPTION": "Road Permit",
        "GEOGRAPHIC_DISTRICT_CODE": "DPG",
        "GEOGRAPHIC_DISTRICT_NAME": "Prince George Natural Resource District",
        "CLIENT_NUMBER": "00150302",
        "CLIENT_NAME": "HYON BEDDING LTD.",
        "LIFE_CYCLE_STATUS_CODE": "RETIRED",
        "MAP_LABEL": "R19096 990",
        "FEATURE_LENGTH_M": 2197.5,
        "OBJECTID": 1716507,
        "SE_ANNO_CAD_DATA": null
      }
    },
    {
      "type": "Feature",
      "id": "WHSE_FOREST_TENURE.FTEN_ROAD_SEGMENT_LINES_SVW.fid--734e3ae_1a07f9f3c01_-2ef0",
      "geometry": {
        "type": "LineString",
        "coordinates": [
          [
            -122.8606141,
            54.1675719
          ],
          [
            -122.86005246,
            54.1674409
          ],
          [
            -122.85964544,
            54.16739321
          ],
          [
            -122.85917239,
            54.16734095
          ],
          [
            -122.85869175,
            54.16731842
          ],
          [
            -122.85822648,
            54.1672547
          ],
          [
            -122.85759453,
            54.16717515
          ],
          [
            -122.85706721,
            54.16709318
          ],
          [
            -122.85672867,
            54.16699583
          ],
          [
            -122.8561434,
            54.16672139
          ],
          [
            -122.85569078,
            54.16658788
          ],
          [
            -122.85521148,
            54.16649348
          ],
          [
            -122.85451945,
            54.16625028
          ],
          [
            -122.85390736,
            54.16603837
          ],
          [
            -122.85305565,
            54.16575589
          ],
          [
            -122.85221723,
            54.1654733
          ],
          [
            -122.85131234,
            54.16515938
          ],
          [
            -122.85050076,
            54.16486908
          ],
          [
            -122.849942,
            54.16461817
          ],
          [
            -122.84947659,
            54.16437512
          ],
          [
            -122.84903817,
            54.16406182
          ],
          [
            -122.84874599,
            54.16378773
          ],
          [
            -122.8483745,
            54.1633572
          ],
          [
            -122.84802956,
            54.16297366
          ],
          [
            -122.84775095,
            54.16262921
          ],
          [
            -122.84741928,
            54.16226901
          ],
          [
            -122.84711412,
            54.16190899
          ],
          [
            -122.84694198,
            54.16164292
          ],
          [
            -122.8469162,
            54.16140828
          ],
          [
            -122.84685046,
            54.16115796
          ],
          [
            -122.84669204,
            54.16080588
          ],
          [
            -122.84640016,
            54.16046921
          ],
          [
            -122.84592192,
            54.16007766
          ],
          [
            -122.84519148,
            54.15951375
          ],
          [
            -122.84438112,
            54.15891055
          ],
          [
            -122.84371685,
            54.15840138
          ],
          [
            -122.84302619,
            54.15788443
          ],
          [
            -122.84244167,
            54.15744579
          ],
          [
            -122.84191038,
            54.15703845
          ],
          [
            -122.84169796,
            54.15687395
          ],
          [
            -122.84123361,
            54.15636504
          ],
          [
            -122.84066328,
            54.1557309
          ],
          [
            -122.84037187,
            54.15531604
          ],
          [
            -122.8398813,
            54.15474454
          ],
          [
            -122.83945657,
            54.15431392
          ],
          [
            -122.83908541,
            54.15387551
          ],
          [
            -122.83868754,
            54.1534293
          ],
          [
            -122.8383028,
            54.15301433
          ],
          [
            -122.83791837,
            54.15257591
          ],
          [
            -122.83756015,
            54.15220791
          ],
          [
            -122.8372817,
            54.15188692
          ],
          [
            -122.83708237,
            54.15176151
          ],
          [
            -122.83689634,
            54.15168309
          ],
          [
            -122.8364175,
            54.15149475
          ],
          [
            -122.83573905,
            54.15129048
          ],
          [
            -122.83482149,
            54.15095302
          ],
          [
            -122.83423621,
            54.15074104
          ],
          [
            -122.83369058,
            54.15061518
          ],
          [
            -122.83311841,
            54.15048144
          ],
          [
            -122.83253299,
            54.15033991
          ],
          [
            -122.83184112,
            54.15019034
          ],
          [
            -122.83137555,
            54.15004112
          ],
          [
            -122.83081712,
            54.14980578
          ],
          [
            -122.83029863,
            54.1495783
          ],
          [
            -122.82959395,
            54.1492879
          ],
          [
            -122.82914181,
            54.14910744
          ],
          [
            -122.82879623,
            54.14895837
          ],
          [
            -122.82855683,
            54.14888766
          ],
          [
            -122.82829058,
            54.14886375
          ],
          [
            -122.8279842,
            54.14885552
          ],
          [
            -122.82697209,
            54.14885409
          ],
          [
            -122.82646595,
            54.14886903
          ],
          [
            -122.82592002,
            54.14882912
          ],
          [
            -122.82520085,
            54.14882033
          ],
          [
            -122.82420187,
            54.14887361
          ],
          [
            -122.8233947,
            54.14893072
          ],
          [
            -122.82292427,
            54.14895736
          ]
        ]
      },
      "geometry_name": "GEOMETRY",
      "properties": {
        "FOREST_FILE_ID": "R21049",
        "ROAD_SECTION_ID": "W1",
        "START_STATION": 0,
        "END_STATION": 3.4698,
        "TIMBER_MARK": "K1N0R1",
        "ROAD_RESPONSIBILITY_TYPE_CODE": null,
        "RETIREMENT_DATE": null,
        "FEATURE_LENGTH": 3.4698,
        "FEATURE_CLASS_SKEY": 767,
        "FILE_STATUS_CODE": "HI",
        "FILE_TYPE_CODE": "B01",
        "FILE_TYPE_DESCRIPTION": "Road Permit",
        "GEOGRAPHIC_DISTRICT_CODE": "DPG",
        "GEOGRAPHIC_DISTRICT_NAME": "Prince George Natural Resource District",
        "CLIENT_NUMBER": "00167536",
        "CLIENT_NAME": "TANO T'ENNEH LIMITED PARTNERSHIP",
        "LIFE_CYCLE_STATUS_CODE": "ACTIVE",
        "MAP_LABEL": "R21049 W10",
        "FEATURE_LENGTH_M": 3469.8,
        "OBJECTID": 1772653,
        "SE_ANNO_CAD_DATA": null
      }
    },
    {
      "type": "Feature",
      "id": "WHSE_FOREST_TENURE.FTEN_ROAD_SEGMENT_LINES_SVW.fid--734e3ae_1a07f9f3c01_-2eef",
      "geometry": {
        "type": "LineString",
        "coordinates": [
          [
            -122.84277622,
            54.1836529
          ],
          [
            -122.84269599,
            54.183593
          ],
          [
            -122.84069,
            54.183189
          ],
          [
            -122.83873001,
            54.182749
          ],
          [
            -122.837722,
            54.182456
          ],
          [
            -122.836739,
            54.181852
          ],
          [
            -122.834927,
            54.179565
          ],
          [
            -122.83427501,
            54.178723
          ],
          [
            -122.83277299,
            54.17678
          ],
          [
            -122.832621,
            54.176084
          ],
          [
            -122.832978,
            54.175286
          ],
          [
            -122.834644,
            54.174138
          ],
          [
            -122.836018,
            54.173282
          ],
          [
            -122.836702,
            54.172689
          ],
          [
            -122.838265,
            54.171077
          ],
          [
            -122.83868,
            54.170283
          ],
          [
            -122.838888,
            54.169076
          ],
          [
            -122.838447,
            54.167952
          ],
          [
            -122.83802801,
            54.167324
          ],
          [
            -122.837043,
            54.166263
          ],
          [
            -122.836112,
            54.165694
          ],
          [
            -122.835165,
            54.165398
          ],
          [
            -122.83383199,
            54.165261
          ],
          [
            -122.83208101,
            54.165288
          ],
          [
            -122.830766,
            54.165229
          ],
          [
            -122.830329,
            54.165238
          ],
          [
            -122.82976,
            54.165234
          ],
          [
            -122.82803401,
            54.165409
          ],
          [
            -122.826728,
            54.165734
          ],
          [
            -122.825547,
            54.165994
          ],
          [
            -122.824633,
            54.16619
          ],
          [
            -122.82312501,
            54.166448
          ],
          [
            -122.821409,
            54.166749
          ],
          [
            -122.819829,
            54.166954
          ],
          [
            -122.818296,
            54.167194
          ],
          [
            -122.817498,
            54.16727
          ],
          [
            -122.816661,
            54.167439
          ],
          [
            -122.81545801,
            54.16759
          ],
          [
            -122.813903,
            54.16754
          ],
          [
            -122.81249201,
            54.167307
          ],
          [
            -122.81161,
            54.167041
          ],
          [
            -122.81072301,
            54.166432
          ],
          [
            -122.81028299,
            54.16601
          ],
          [
            -122.810054,
            54.165566
          ],
          [
            -122.809998,
            54.165354
          ],
          [
            -122.809636,
            54.164665
          ],
          [
            -122.8095,
            54.164336
          ],
          [
            -122.809393,
            54.164157
          ],
          [
            -122.80931199,
            54.163692
          ],
          [
            -122.808704,
            54.162259
          ],
          [
            -122.80812399,
            54.160782
          ],
          [
            -122.807847,
            54.159573
          ],
          [
            -122.80784201,
            54.157964
          ],
          [
            -122.80781199,
            54.156688
          ],
          [
            -122.807658,
            54.154714
          ],
          [
            -122.807506,
            54.154186
          ],
          [
            -122.80730201,
            54.153924
          ],
          [
            -122.80698466,
            54.1537455
          ],
          [
            -122.806934,
            54.153717
          ],
          [
            -122.805038,
            54.153365
          ],
          [
            -122.80313801,
            54.152902
          ],
          [
            -122.80154101,
            54.152062
          ],
          [
            -122.800786,
            54.151555
          ],
          [
            -122.800426,
            54.151199
          ],
          [
            -122.799983,
            54.150645
          ],
          [
            -122.799293,
            54.150109
          ],
          [
            -122.79894599,
            54.149669
          ],
          [
            -122.798686,
            54.149464
          ],
          [
            -122.79833499,
            54.149049
          ],
          [
            -122.79787854,
            54.14862648
          ]
        ]
      },
      "geometry_name": "GEOMETRY",
      "properties": {
        "FOREST_FILE_ID": "R18712",
        "ROAD_SECTION_ID": "14",
        "START_STATION": 0,
        "END_STATION": 6.5453,
        "TIMBER_MARK": "K1N0R1",
        "ROAD_RESPONSIBILITY_TYPE_CODE": null,
        "RETIREMENT_DATE": null,
        "FEATURE_LENGTH": 6.5453,
        "FEATURE_CLASS_SKEY": 767,
        "FILE_STATUS_CODE": "HI",
        "FILE_TYPE_CODE": "B01",
        "FILE_TYPE_DESCRIPTION": "Road Permit",
        "GEOGRAPHIC_DISTRICT_CODE": "DPG",
        "GEOGRAPHIC_DISTRICT_NAME": "Prince George Natural Resource District",
        "CLIENT_NUMBER": "00167536",
        "CLIENT_NAME": "TANO T'ENNEH LIMITED PARTNERSHIP",
        "LIFE_CYCLE_STATUS_CODE": "ACTIVE",
        "MAP_LABEL": "R18712 140",
        "FEATURE_LENGTH_M": 6545.3,
        "OBJECTID": 1719782,
        "SE_ANNO_CAD_DATA": null
      }
    }
  ],
  "totalFeatures": 25,
  "numberMatched": 25,
  "numberReturned": 25,
  "timeStamp": "2026-09-08T06:37:37.747Z",
  "crs": {
    "type": "name",
    "properties": {
      "name": "urn:ogc:def:crs:EPSG::4326"
    }
  }
}
