{
  "type": "FeatureCollection",
  "features": [
    {
      "type": "Feature",
      "id": "WHSE_FOREST_TENURE.FTEN_ROAD_SEGMENT_LINES_SVW.fid--734e3ae_1a07f759aa4_-52af",
      "geometry": {
        "type": "LineString",
        "coordinates": [
          [
            -122.95348665,
            53.99596016
          ],
          [
            -122.9532936,
            53.99588943
          ],
          [
            -122.95313119,
            53.99580336
          ],
          [
            -122.95292517,
            53.9956614
          ],
          [
            -122.95277968,
            53.99551413
          ],
          [
            -122.95271457,
            53.99537934
          ],
          [
            -122.95264778,
            53.99525221
          ],
          [
            -122.95260736,
            53.99509127
          ],
          [
            -122.95254666,
            53.99496601
          ],
          [
            -122.9525726,
            53.99470535
          ],
          [
            -122.95261346,
            53.99448862
          ],
          [
            -122.95262627,
            53.99431646
          ],
          [
            -122.95259822,
            53.99417817
          ],
          [
            -122.95257412,
            53.99405318
          ],
          [
            -122.95244023,
            53.99390941
          ],
          [
            -122.9523167,
            53.99372728
          ],
          [
            -122.95219472,
            53.993611
          ],
          [
            -122.95201676,
            53.99349301
          ],
          [
            -122.95138817,
            53.99329793
          ],
          [
            -122.95060556,
            53.99308508
          ],
          [
            -122.95040014,
            53.9929953
          ],
          [
            -122.95023225,
            53.99295575
          ],
          [
            -122.95001494,
            53.99288145
          ],
          [
            -122.9499024,
            53.99285924
          ],
          [
            -122.94962425,
            53.99286023
          ],
          [
            -122.9494684,
            53.99290957
          ],
          [
            -122.94926893,
            53.99299133
          ],
          [
            -122.94903608,
            53.99305675
          ],
          [
            -122.94871279,
            53.99322695
          ],
          [
            -122.94823623,
            53.9933311
          ],
          [
            -122.94786705,
            53.9934409
          ],
          [
            -122.94753659,
            53.99337522
          ],
          [
            -122.94700195,
            53.99318975
          ],
          [
            -122.94643207,
            53.99303563
          ],
          [
            -122.94628826,
            53.9929607
          ],
          [
            -122.94612266,
            53.99287595
          ],
          [
            -122.94610946,
            53.99277428
          ],
          [
            -122.94594523,
            53.99252558
          ],
          [
            -122.94585122,
            53.99238565
          ],
          [
            -122.94584149,
            53.99216379
          ],
          [
            -122.94570554,
            53.99188523
          ],
          [
            -122.94562623,
            53.99172275
          ],
          [
            -122.94551584,
            53.99162824
          ],
          [
            -122.9453296,
            53.99150127
          ],
          [
            -122.94517961,
            53.9914134
          ],
          [
            -122.94503187,
            53.99129504
          ],
          [
            -122.94465153,
            53.99114785
          ],
          [
            -122.94426672,
            53.99106169
          ],
          [
            -122.94396964,
            53.9910236
          ],
          [
            -122.94371158,
            53.9909865
          ],
          [
            -122.94349316,
            53.99094276
          ],
          [
            -122.9431559,
            53.99091894
          ],
          [
            -122.94291031,
            53.99088979
          ],
          [
            -122.94266304,
            53.99088353
          ],
          [
            -122.9424548,
            53.99087826
          ],
          [
            -122.94219507,
            53.99086404
          ],
          [
            -122.94198392,
            53.99084773
          ],
          [
            -122.94178366,
            53.99078484
          ],
          [
            -122.94146563,
            53.99067743
          ],
          [
            -122.94119738,
            53.99060185
          ],
          [
            -122.9409546,
            53.99053457
          ],
          [
            -122.94070958,
            53.99049779
          ],
          [
            -122.9405183,
            53.99043944
          ],
          [
            -122.93998296,
            53.99027303
          ],
          [
            -122.93971586,
            53.9901822
          ],
          [
            -122.93921842,
            53.99003203
          ],
          [
            -122.9390266,
            53.98998131
          ],
          [
            -122.93886418,
            53.98997074
          ],
          [
            -122.93873807,
            53.98995356
          ],
          [
            -122.93849347,
            53.99001476
          ],
          [
            -122.93822828,
            53.99006509
          ],
          [
            -122.93790635,
            53.99011766
          ],
          [
            -122.9375489,
            53.99025794
          ],
          [
            -122.93730538,
            53.99029793
          ],
          [
            -122.93717117,
            53.99034069
          ],
          [
            -122.93669798,
            53.99040288
          ],
          [
            -122.93620024,
            53.99047369
          ],
          [
            -122.93583317,
            53.99050074
          ],
          [
            -122.93562289,
            53.9904905
          ],
          [
            -122.93552911,
            53.99044962
          ],
          [
            -122.93538805,
            53.99035651
          ],
          [
            -122.93524196,
            53.99017814
          ],
          [
            -122.93501961,
            53.9900171
          ],
          [
            -122.93485873,
            53.98988455
          ],
          [
            -122.93462618,
            53.98976035
          ],
          [
            -122.93426401,
            53.98958503
          ],
          [
            -122.93402962,
            53.98945184
          ],
          [
            -122.93379401,
            53.98928335
          ],
          [
            -122.93351692,
            53.98908276
          ],
          [
            -122.93332006,
            53.9888998
          ],
          [
            -122.93310764,
            53.98876921
          ],
          [
            -122.93282277,
            53.98856072
          ],
          [
            -122.93251503,
            53.98831449
          ],
          [
            -122.93231557,
            53.9881369
          ],
          [
            -122.93212708,
            53.98797658
          ],
          [
            -122.93196041,
            53.98777967
          ],
          [
            -122.9318378,
            53.98767075
          ],
          [
            -122.93177466,
            53.9875017
          ],
          [
            -122.93166457,
            53.98733274
          ],
          [
            -122.93159335,
            53.98720909
          ],
          [
            -122.93150765,
            53.98705064
          ],
          [
            -122.93145549,
            53.98688689
          ],
          [
            -122.93137788,
            53.98673635
          ],
          [
            -122.9312661,
            53.98653568
          ],
          [
            -122.93125848,
            53.98643834
          ],
          [
            -122.93123362,
            53.98638155
          ],
          [
            -122.93119961,
            53.98628583
          ],
          [
            -122.93106176,
            53.98621717
          ],
          [
            -122.93088364,
            53.98614158
          ],
          [
            -122.93060992,
            53.98602708
          ],
          [
            -122.93042112,
            53.98597901
          ],
          [
            -122.93021175,
            53.98596606
          ],
          [
            -122.92986238,
            53.9860048
          ],
          [
            -122.92956638,
            53.98604506
          ],
          [
            -122.92941816,
            53.98603095
          ],
          [
            -122.92887039,
            53.98594872
          ],
          [
            -122.92852317,
            53.98589093
          ],
          [
            -122.92830495,
            53.98585569
          ],
          [
            -122.92795146,
            53.98585372
          ],
          [
            -122.92759706,
            53.98586064
          ],
          [
            -122.92727056,
            53.98587224
          ],
          [
            -122.92699684,
            53.98593883
          ],
          [
            -122.92657915,
            53.98596472
          ],
          [
            -122.92625038,
            53.98597155
          ],
          [
            -122.92604161,
            53.98605657
          ],
          [
            -122.92568965,
            53.98612343
          ],
          [
            -122.92526175,
            53.98614303
          ],
          [
            -122.92492168,
            53.98621825
          ],
          [
            -122.92440837,
            53.98635576
          ],
          [
            -122.92409729,
            53.98637184
          ],
          [
            -122.92364515,
            53.98642092
          ],
          [
            -122.92315411,
            53.98645515
          ],
          [
            -122.92265941,
            53.9864388
          ],
          [
            -122.92227452,
            53.98631783
          ],
          [
            -122.92209274,
            53.98623443
          ],
          [
            -122.92199454,
            53.98619829
          ],
          [
            -122.92197577,
            53.98611282
          ],
          [
            -122.92179949,
            53.98581777
          ],
          [
            -122.92182008,
            53.98562014
          ],
          [
            -122.92197486,
            53.98548964
          ],
          [
            -122.92225057,
            53.98533307
          ],
          [
            -122.92299811,
            53.9848509
          ],
          [
            -122.92331102,
            53.9846714
          ],
          [
            -122.92358795,
            53.98449669
          ],
          [
            -122.92388379,
            53.98437265
          ],
          [
            -122.92418787,
            53.98430623
          ],
          [
            -122.92465634,
            53.98416217
          ],
          [
            -122.92506961,
            53.98401755
          ],
          [
            -122.92544673,
            53.98389964
          ],
          [
            -122.92565489,
            53.98383968
          ],
          [
            -122.92667919,
            53.98366883
          ],
          [
            -122.9270862,
            53.98360519
          ],
          [
            -122.92741773,
            53.98352753
          ],
          [
            -122.92767804,
            53.98348925
          ],
          [
            -122.92799873,
            53.98334436
          ],
          [
            -122.92814588,
            53.98323256
          ],
          [
            -122.92815657,
            53.98315643
          ],
          [
            -122.92816206,
            53.98303069
          ],
          [
            -122.92810578,
            53.98294323
          ],
          [
            -122.92808947,
            53.98283447
          ],
          [
            -122.92807802,
            53.98280202
          ],
          [
            -122.92801078,
            53.98273373
          ],
          [
            -122.92800376,
            53.98264033
          ],
          [
            -122.92799096,
            53.98255045
          ],
          [
            -122.92810685,
            53.98239739
          ],
          [
            -122.92819927,
            53.9822898
          ],
          [
            -122.92832247,
            53.98219263
          ],
          [
            -122.92843548,
            53.98211857
          ],
          [
            -122.92856205,
            53.98209124
          ],
          [
            -122.92875496,
            53.98210186
          ],
          [
            -122.92892103,
            53.98212792
          ],
          [
            -122.92905416,
            53.98212459
          ],
          [
            -122.92957157,
            53.98207372
          ],
          [
            -122.92990278,
            53.98202743
          ],
          [
            -122.93004278,
            53.98200344
          ],
          [
            -122.93023538,
            53.98189126
          ],
          [
            -122.93054815,
            53.98177505
          ],
          [
            -122.9307438,
            53.98168993
          ],
          [
            -122.93087449,
            53.98157461
          ],
          [
            -122.93090591,
            53.98139439
          ],
          [
            -122.93074838,
            53.9811899
          ],
          [
            -122.93044445,
            53.98094533
          ],
          [
            -122.93004507,
            53.98065194
          ],
          [
            -122.92977134,
            53.98044647
          ],
          [
            -122.92946375,
            53.98019729
          ],
          [
            -122.92920131,
            53.98000557
          ],
          [
            -122.9289654,
            53.97983469
          ],
          [
            -122.92876792,
            53.97967775
          ],
          [
            -122.92875923,
            53.97955669
          ],
          [
            -122.92885682,
            53.97936792
          ],
          [
            -122.9290418,
            53.97924377
          ],
          [
            -122.92943844,
            53.97917626
          ],
          [
            -122.92991727,
            53.9792328
          ],
          [
            -122.93050865,
            53.97927415
          ],
          [
            -122.93095821,
            53.97925961
          ],
          [
            -122.93156347,
            53.97920746
          ],
          [
            -122.93214905,
            53.97917582
          ],
          [
            -122.93270184,
            53.97921456
          ],
          [
            -122.93331731,
            53.97937717
          ],
          [
            -122.93398356,
            53.97952881
          ],
          [
            -122.9344842,
            53.97964485
          ],
          [
            -122.93479652,
            53.97969995
          ],
          [
            -122.93502161,
            53.97967892
          ],
          [
            -122.93522899,
            53.97959147
          ],
          [
            -122.93530906,
            53.97932279
          ],
          [
            -122.93552895,
            53.97904135
          ],
          [
            -122.93579383,
            53.97881743
          ],
          [
            -122.93611561,
            53.97864197
          ],
          [
            -122.93656913,
            53.97846301
          ],
          [
            -122.93708776,
            53.97830965
          ],
          [
            -122.93772625,
            53.97817103
          ],
          [
            -122.93843125,
            53.97816079
          ],
          [
            -122.9390487,
            53.97824566
          ],
          [
            -122.93948925,
            53.97827899
          ],
          [
            -122.93989169,
            53.97829149
          ],
          [
            -122.940509,
            53.9782211
          ],
          [
            -122.94109823,
            53.97803864
          ],
          [
            -122.94155389,
            53.97793049
          ],
          [
            -122.94196869,
            53.97791098
          ],
          [
            -122.94239201,
            53.97801489
          ],
          [
            -122.94277142,
            53.97817786
          ],
          [
            -122.94321166,
            53.97838929
          ],
          [
            -122.94357979,
            53.97853841
          ],
          [
            -122.94391071,
            53.97862103
          ],
          [
            -122.94431161,
            53.97869969
          ],
          [
            -122.9446712,
            53.9787208
          ],
          [
            -122.94510811,
            53.97874948
          ],
          [
            -122.94561271,
            53.97885635
          ],
          [
            -122.94595383,
            53.97900071
          ],
          [
            -122.94624861,
            53.97914472
          ],
          [
            -122.94648727,
            53.97920369
          ],
          [
            -122.94679302,
            53.9792062
          ],
          [
            -122.94726637,
            53.9791689
          ],
          [
            -122.94774094,
            53.97923902
          ],
          [
            -122.94809258,
            53.97943362
          ],
          [
            -122.9483619,
            53.97966194
          ],
          [
            -122.9486132,
            53.97983983
          ],
          [
            -122.94881618,
            53.9799351
          ],
          [
            -122.94916417,
            53.97995388
          ],
          [
            -122.94954099,
            53.97990669
          ],
          [
            -122.94969698,
            53.97985771
          ],
          [
            -122.95046861,
            53.97949394
          ],
          [
            -122.95106487,
            53.97933887
          ],
          [
            -122.95164009,
            53.9792453
          ],
          [
            -122.95224655,
            53.97914967
          ],
          [
            -122.95273638,
            53.97906697
          ],
          [
            -122.95336145,
            53.97899658
          ],
          [
            -122.95407086,
            53.9789635
          ],
          [
            -122.95470235,
            53.97895479
          ],
          [
            -122.95533337,
            53.97895766
          ],
          [
            -122.95571488,
            53.97896313
          ]
        ]
      },
      "geometry_name": "GEOMETRY",
      "properties": {
        "FOREST_FILE_ID": "R13828",
        "ROAD_SECTION_ID": "A",
        "START_STATION": 0,
        "END_STATION": 5.9536,
        "TIMBER_MARK": "R07812",
        "ROAD_RESPONSIBILITY_TYPE_CODE": null,
        "RETIREMENT_DATE": null,
        "FEATURE_LENGTH": 5.9536,
        "FEATURE_CLASS_SKEY": 767,
        "FILE_STATUS_CODE": "HI",
        "FILE_TYPE_CODE": "B01",
        "FILE_TYPE_DESCRIPTION": "Road Permit",
        "GEOGRAPHIC_DISTRICT_CODE": "DPG",
        "GEOGRAPHIC_DISTRICT_NAME": "Prince George Natural Resource District",
        "CLIENT_NUMBER": "00001297",
        "CLIENT_NAME": "CARRIER LUMBER LTD.",
        "LIFE_CYCLE_STATUS_CODE": "ACTIVE",
        "MAP_LABEL": "R13828 A0",
        "FEATURE_LENGTH_M": 5953.6,
        "OBJECTID": 1559097,
        "SE_ANNO_CAD_DATA": null
      }
    },
    {
      "type": "Feature",
      "id": "WHSE_FOREST_TENURE.FTEN_ROAD_SEGMENT_LINES_SVW.fid--734e3ae_1a07f759aa4_-52ae",
      "geometry": {
        "type": "LineString",
        "coordinates": [
          [
            -122.89983314,
            53.98237016
          ],
          [
            -122.89969209,
            53.98260243
          ],
          [
            -122.89949843,
            53.9827482
          ],
          [
            -122.89927806,
            53.98283978
          ],
          [
            -122.89919572,
            53.98287071
          ],
          [
            -122.89908456,
            53.98291241
          ],
          [
            -122.89887304,
            53.98296436
          ],
          [
            -122.89885336,
            53.98296912
          ],
          [
            -122.89870118,
            53.98300228
          ],
          [
            -122.8981926,
            53.98309513
          ],
          [
            -122.89806284,
            53.98311734
          ],
          [
            -122.89780573,
            53.98316128
          ],
          [
            -122.89751675,
            53.98321692
          ],
          [
            -122.89742967,
            53.98323373
          ],
          [
            -122.89726986,
            53.98326753
          ],
          [
            -122.89696745,
            53.9833504
          ],
          [
            -122.89661289,
            53.98338805
          ],
          [
            -122.89637654,
            53.98341322
          ],
          [
            -122.89617234,
            53.9834383
          ],
          [
            -122.89595869,
            53.98340999
          ],
          [
            -122.89557105,
            53.98338087
          ],
          [
            -122.89537205,
            53.98333405
          ],
          [
            -122.89515245,
            53.98328244
          ],
          [
            -122.8947767,
            53.98314286
          ],
          [
            -122.89457816,
            53.98299797
          ],
          [
            -122.89456199,
            53.98298612
          ],
          [
            -122.89426615,
            53.98271107
          ],
          [
            -122.89418212,
            53.98266919
          ],
          [
            -122.89382071,
            53.98248943
          ],
          [
            -122.89365006,
            53.98243263
          ],
          [
            -122.89363313,
            53.98242697
          ],
          [
            -122.89334401,
            53.98239965
          ],
          [
            -122.89284702,
            53.98235029
          ],
          [
            -122.89258793,
            53.98234553
          ],
          [
            -122.8924481,
            53.98234302
          ],
          [
            -122.89211948,
            53.98236342
          ],
          [
            -122.89211216,
            53.98236557
          ],
          [
            -122.89184377,
            53.98244638
          ],
          [
            -122.89177758,
            53.98246634
          ],
          [
            -122.891497,
            53.98257023
          ],
          [
            -122.89119459,
            53.98259163
          ],
          [
            -122.89110965,
            53.98259756
          ],
          [
            -122.89071058,
            53.98259719
          ],
          [
            -122.89056967,
            53.98262478
          ],
          [
            -122.89051127,
            53.98262784
          ],
          [
            -122.89028496,
            53.98263972
          ],
          [
            -122.88988861,
            53.9827624
          ],
          [
            -122.8896187,
            53.98276214
          ],
          [
            -122.88930198,
            53.98275494
          ],
          [
            -122.88922054,
            53.98276295
          ],
          [
            -122.88881307,
            53.98280284
          ],
          [
            -122.88874202,
            53.98281498
          ],
          [
            -122.88840971,
            53.98287169
          ],
          [
            -122.88816284,
            53.98299591
          ],
          [
            -122.88798624,
            53.98321702
          ],
          [
            -122.8877883,
            53.98343516
          ],
          [
            -122.88778388,
            53.98344147
          ],
          [
            -122.88764984,
            53.98364321
          ],
          [
            -122.8876326,
            53.98379745
          ],
          [
            -122.88769468,
            53.98391977
          ],
          [
            -122.88770276,
            53.98393577
          ],
          [
            -122.88778189,
            53.9840706
          ],
          [
            -122.88788666,
            53.98414079
          ],
          [
            -122.88798366,
            53.98420567
          ],
          [
            -122.88812425,
            53.98426113
          ],
          [
            -122.88818935,
            53.98438221
          ],
          [
            -122.88820599,
            53.9844133
          ],
          [
            -122.88833805,
            53.98458964
          ],
          [
            -122.88836915,
            53.98486286
          ],
          [
            -122.88834308,
            53.98498401
          ],
          [
            -122.88825082,
            53.9852016
          ],
          [
            -122.88812151,
            53.9853259
          ],
          [
            -122.88798044,
            53.98539492
          ],
          [
            -122.88782704,
            53.98540921
          ],
          [
            -122.8876869,
            53.98542233
          ],
          [
            -122.88741621,
            53.98540957
          ],
          [
            -122.88719753,
            53.98539933
          ],
          [
            -122.88695171,
            53.98540077
          ],
          [
            -122.88682331,
            53.98545198
          ],
          [
            -122.88676566,
            53.98553728
          ],
          [
            -122.88678854,
            53.9856304
          ],
          [
            -122.88684878,
            53.98569331
          ],
          [
            -122.88694623,
            53.98573447
          ],
          [
            -122.88706975,
            53.98580528
          ],
          [
            -122.88716399,
            53.98589059
          ],
          [
            -122.88725197,
            53.9859809
          ],
          [
            -122.88727652,
            53.98608964
          ],
          [
            -122.88725136,
            53.98619705
          ],
          [
            -122.88715118,
            53.98628683
          ],
          [
            -122.88703727,
            53.98637998
          ],
          [
            -122.88692565,
            53.9864265
          ],
          [
            -122.88675819,
            53.98653029
          ],
          [
            -122.88666486,
            53.98662968
          ],
          [
            -122.8865473,
            53.98668217
          ],
          [
            -122.88642074,
            53.98672585
          ],
          [
            -122.88625999,
            53.98675291
          ],
          [
            -122.88604468,
            53.98677222
          ],
          [
            -122.88599054,
            53.986776
          ],
          [
            -122.88588333,
            53.98678346
          ],
          [
            -122.88576851,
            53.98678363
          ],
          [
            -122.88574335,
            53.98678374
          ],
          [
            -122.88553136,
            53.98677593
          ],
          [
            -122.88526207,
            53.98672065
          ],
          [
            -122.88518735,
            53.98674662
          ],
          [
            -122.88494227,
            53.98681852
          ],
          [
            -122.88465971,
            53.98691036
          ],
          [
            -122.88433961,
            53.98702629
          ],
          [
            -122.88417034,
            53.98706351
          ]
        ]
      },
      "geometry_name": "GEOMETRY",
      "properties": {
        "FOREST_FILE_ID": "R13561",
        "ROAD_SECTION_ID": "PID_PG",
        "START_STATION": 0,
        "END_STATION": 1.5765,
        "TIMBER_MARK": "R11503",
        "ROAD_RESPONSIBILITY_TYPE_CODE": null,
        "RETIREMENT_DATE": null,
        "FEATURE_LENGTH": 1.5765,
        "FEATURE_CLASS_SKEY": 767,
        "FILE_STATUS_CODE": "HI",
        "FILE_TYPE_CODE": "B01",
        "FILE_TYPE_DESCRIPTION": "Road Permit",
        "GEOGRAPHIC_DISTRICT_CODE": "DPG",
        "GEOGRAPHIC_DISTRICT_NAME": "Prince George Natural Resource District",
        "CLIENT_NUMBER": "00151913",
        "CLIENT_NAME": "0779140 B.C. LTD.",
        "LIFE_CYCLE_STATUS_CODE": "ACTIVE",
        "MAP_LABEL": "R13561 PID_PG0",
        "FEATURE_LENGTH_M": 1576.4649,
        "OBJECTID": 1750725,
        "SE_ANNO_CAD_DATA": null
      }
    },
    {
      "type": "Feature",
      "id": "WHSE_FOREST_TENURE.FTEN_ROAD_SEGMENT_LINES_SVW.fid--734e3ae_1a07f759aa4_-52ad",
      "geometry": {
        "type": "LineString",
        "coordinates": [
          [
            -122.89983314,
            53.98237016
          ],
          [
            -122.89969209,
            53.98260243
          ],
          [
            -122.89949843,
            53.9827482
          ],
          [
            -122.89927806,
            53.98283978
          ],
          [
            -122.89919572,
            53.98287071
          ],
          [
            -122.89908456,
            53.98291241
          ],
          [
            -122.89887304,
            53.98296436
          ],
          [
            -122.89885336,
            53.98296912
          ],
          [
            -122.89870118,
            53.98300228
          ],
          [
            -122.8981926,
            53.98309513
          ],
          [
            -122.89806284,
            53.98311734
          ],
          [
            -122.89780573,
            53.98316128
          ],
          [
            -122.89751675,
            53.98321692
          ],
          [
            -122.89742967,
            53.98323373
          ],
          [
            -122.89726986,
            53.98326753
          ],
          [
            -122.89696745,
            53.9833504
          ],
          [
            -122.89661289,
            53.98338805
          ],
          [
            -122.89637654,
            53.98341322
          ],
          [
            -122.89617234,
            53.9834383
          ],
          [
            -122.89595869,
            53.98340999
          ],
          [
            -122.89557105,
            53.98338087
          ],
          [
            -122.89537205,
            53.98333405
          ],
          [
            -122.89515245,
            53.98328244
          ],
          [
            -122.8947767,
            53.98314286
          ],
          [
            -122.89457816,
            53.98299797
          ],
          [
            -122.89456199,
            53.98298612
          ],
          [
            -122.89426615,
            53.98271107
          ],
          [
            -122.89418212,
            53.98266919
          ],
          [
            -122.89382071,
            53.98248943
          ],
          [
            -122.89365006,
            53.98243263
          ],
          [
            -122.89363313,
            53.98242697
          ],
          [
            -122.89334401,
            53.98239965
          ],
          [
            -122.89284702,
            53.98235029
          ],
          [
            -122.89258793,
            53.98234553
          ],
          [
            -122.8924481,
            53.98234302
          ],
          [
            -122.89211948,
            53.98236342
          ],
          [
            -122.89211216,
            53.98236557
          ],
          [
            -122.89184377,
            53.98244638
          ],
          [
            -122.89177758,
            53.98246634
          ],
          [
            -122.891497,
            53.98257023
          ],
          [
            -122.89119459,
            53.98259163
          ],
          [
            -122.89110965,
            53.98259756
          ],
          [
            -122.89071058,
            53.98259719
          ],
          [
            -122.89056967,
            53.98262478
          ],
          [
            -122.89051127,
            53.98262784
          ],
          [
            -122.89028496,
            53.98263972
          ],
          [
            -122.88988861,
            53.9827624
          ],
          [
            -122.8896187,
            53.98276214
          ],
          [
            -122.88930198,
            53.98275494
          ],
          [
            -122.88922054,
            53.98276295
          ],
          [
            -122.88881307,
            53.98280284
          ],
          [
            -122.88874202,
            53.98281498
          ],
          [
            -122.88840971,
            53.98287169
          ],
          [
            -122.88816284,
            53.98299591
          ],
          [
            -122.88798624,
            53.98321702
          ],
          [
            -122.8877883,
            53.98343516
          ],
          [
            -122.88778388,
            53.98344147
          ],
          [
            -122.88764984,
            53.98364321
          ],
          [
            -122.8876326,
            53.98379745
          ],
          [
            -122.88769468,
            53.98391977
          ],
          [
            -122.88770276,
            53.98393577
          ],
          [
            -122.88778189,
            53.9840706
          ],
          [
            -122.88788666,
            53.98414079
          ],
          [
            -122.88798366,
            53.98420567
          ],
          [
            -122.88812425,
            53.98426113
          ],
          [
            -122.88818935,
            53.98438221
          ],
          [
            -122.88820599,
            53.9844133
          ],
          [
            -122.88833805,
            53.98458964
          ],
          [
            -122.88836915,
            53.98486286
          ],
          [
            -122.88834308,
            53.98498401
          ],
          [
            -122.88825082,
            53.9852016
          ],
          [
            -122.88812151,
            53.9853259
          ],
          [
            -122.88798044,
            53.98539492
          ],
          [
            -122.88782704,
            53.98540921
          ],
          [
            -122.8876869,
            53.98542233
          ],
          [
            -122.88741621,
            53.98540957
          ],
          [
            -122.88719753,
            53.98539933
          ],
          [
            -122.88695171,
            53.98540077
          ],
          [
            -122.88682331,
            53.98545198
          ],
          [
            -122.88676566,
            53.98553728
          ],
          [
            -122.88678854,
            53.9856304
          ],
          [
            -122.88684878,
            53.98569331
          ],
          [
            -122.88694623,
            53.98573447
          ],
          [
            -122.88706975,
            53.98580528
          ],
          [
            -122.88716399,
            53.98589059
          ],
          [
            -122.88725197,
            53.9859809
          ],
          [
            -122.88727652,
            53.98608964
          ],
          [
            -122.88725136,
            53.98619705
          ],
          [
            -122.88715118,
            53.98628683
          ],
          [
            -122.88703727,
            53.98637998
          ],
          [
            -122.88692565,
            53.9864265
          ],
          [
            -122.88675819,
            53.98653029
          ],
          [
            -122.88666486,
            53.98662968
          ],
          [
            -122.8865473,
            53.98668217
          ],
          [
            -122.88642074,
            53.98672585
          ],
          [
            -122.88625999,
            53.98675291
          ],
          [
            -122.88604468,
            53.98677222
          ],
          [
            -122.88599054,
            53.986776
          ],
          [
            -122.88588333,
            53.98678346
          ],
          [
            -122.88576851,
            53.98678363
          ],
          [
            -122.88574335,
            53.98678374
          ],
          [
            -122.88553136,
            53.98677593
          ],
          [
            -122.88526207,
            53.98672065
          ],
          [
            -122.88518735,
            53.98674662
          ],
          [
            -122.88494227,
            53.98681852
          ],
          [
            -122.88465971,
            53.98691036
          ],
          [
            -122.88433961,
            53.98702629
          ],
          [
            -122.88417034,
            53.98706351
          ]
        ]
      },
      "geometry_name": "GEOMETRY",
      "properties": {
        "FOREST_FILE_ID": "R11503",
        "ROAD_SECTION_ID": "3C",
        "START_STATION": 0,
        "END_STATION": 1.5765,
        "TIMBER_MARK": "R11503",
        "ROAD_RESPONSIBILITY_TYPE_CODE": null,
        "RETIREMENT_DATE": "2017-02-10Z",
        "FEATURE_LENGTH": 1.5765,
        "FEATURE_CLASS_SKEY": 767,
        "FILE_STATUS_CODE": "HC",
        "FILE_TYPE_CODE": "B01",
        "FILE_TYPE_DESCRIPTION": "Road Permit",
        "GEOGRAPHIC_DISTRICT_CODE": "DPG",
        "GEOGRAPHIC_DISTRICT_NAME": "Prince George Natural Resource District",
        "CLIENT_NUMBER": "00102900",
        "CLIENT_NAME": "NORDIC FOREST LTD.",
        "LIFE_CYCLE_STATUS_CODE": "RETIRED",
        "MAP_LABEL": "R11503 3C0",
        "FEATURE_LENGTH_M": 1576.4649,
        "OBJECTID": 1572586,
        "SE_ANNO_CAD_DATA": null
      }
    },
    {
      "type": "Feature",
      "id": "WHSE_FOREST_TENURE.FTEN_ROAD_SEGMENT_LINES_SVW.fid--734e3ae_1a07f759aa4_-52ac",
      "geometry": {
        "type": "LineString",
        "coordinates": [
          [
            -122.90639778,
            53.98352413
          ],
          [
            -122.90623476,
            53.98340683
          ],
          [
            -122.90611077,
            53.98335642
          ],
          [
            -122.90593235,
            53.98331516
          ],
          [
            -122.90573076,
            53.98332226
          ],
          [
            -122.9056763,
            53.98332414
          ],
          [
            -122.90549012,
            53.9833468
          ],
          [
            -122.90532542,
            53.98339308
          ],
          [
            -122.90531155,
            53.98339696
          ],
          [
            -122.90497025,
            53.98343784
          ],
          [
            -122.90470538,
            53.98340028
          ],
          [
            -122.90446626,
            53.98330949
          ],
          [
            -122.90427716,
            53.98325584
          ],
          [
            -122.90427244,
            53.98325406
          ],
          [
            -122.90404736,
            53.98327256
          ],
          [
            -122.90398209,
            53.98330725
          ],
          [
            -122.90388435,
            53.98335929
          ],
          [
            -122.90386132,
            53.98343722
          ],
          [
            -122.90382944,
            53.98364717
          ],
          [
            -122.90379788,
            53.98385739
          ],
          [
            -122.90380536,
            53.9839808
          ],
          [
            -122.90382837,
            53.9841042
          ],
          [
            -122.90378156,
            53.98419094
          ],
          [
            -122.90368822,
            53.984328
          ],
          [
            -122.90353238,
            53.98457012
          ],
          [
            -122.90334543,
            53.98483931
          ],
          [
            -122.90323945,
            53.98500307
          ],
          [
            -122.90322785,
            53.98502418
          ],
          [
            -122.90319065,
            53.98509267
          ],
          [
            -122.90312811,
            53.98521095
          ],
          [
            -122.90303783,
            53.98533731
          ],
          [
            -122.90293383,
            53.98543914
          ],
          [
            -122.90285027,
            53.98549459
          ],
          [
            -122.90277433,
            53.98554509
          ],
          [
            -122.90258035,
            53.98562643
          ],
          [
            -122.90238638,
            53.98565888
          ],
          [
            -122.90224091,
            53.98568324
          ],
          [
            -122.90221909,
            53.98568683
          ],
          [
            -122.90206781,
            53.98571172
          ],
          [
            -122.90174255,
            53.98571145
          ],
          [
            -122.90155572,
            53.98565006
          ],
          [
            -122.90136633,
            53.98553422
          ],
          [
            -122.90101635,
            53.98539275
          ],
          [
            -122.90099912,
            53.98538585
          ],
          [
            -122.90069826,
            53.98526605
          ],
          [
            -122.90051143,
            53.9852414
          ],
          [
            -122.90031746,
            53.98526981
          ],
          [
            -122.90008203,
            53.98535528
          ],
          [
            -122.8998888,
            53.98546296
          ],
          [
            -122.89989613,
            53.98553701
          ],
          [
            -122.89994569,
            53.98561394
          ],
          [
            -122.90008842,
            53.985735
          ],
          [
            -122.90021622,
            53.98580709
          ],
          [
            -122.90022355,
            53.98581122
          ],
          [
            -122.90022506,
            53.98581211
          ],
          [
            -122.90036795,
            53.98586721
          ],
          [
            -122.90059152,
            53.98601397
          ],
          [
            -122.90067218,
            53.98612398
          ],
          [
            -122.9007283,
            53.9862196
          ],
          [
            -122.90055719,
            53.98642578
          ],
          [
            -122.90032281,
            53.98661226
          ],
          [
            -122.90031015,
            53.98662241
          ],
          [
            -122.90016086,
            53.98672073
          ],
          [
            -122.90004711,
            53.98679569
          ],
          [
            -122.89985587,
            53.98689816
          ],
          [
            -122.89963291,
            53.98698748
          ],
          [
            -122.8993993,
            53.98711069
          ],
          [
            -122.89885246,
            53.98724468
          ],
          [
            -122.89853389,
            53.98737563
          ],
          [
            -122.89849805,
            53.98737886
          ],
          [
            -122.89817567,
            53.98740815
          ],
          [
            -122.89800564,
            53.98741139
          ],
          [
            -122.89793702,
            53.98741265
          ],
          [
            -122.89769836,
            53.98736556
          ],
          [
            -122.89754723,
            53.98736546
          ],
          [
            -122.89744371,
            53.98739351
          ],
          [
            -122.89715442,
            53.98743656
          ],
          [
            -122.89704021,
            53.98740285
          ],
          [
            -122.89678095,
            53.98741157
          ],
          [
            -122.89641497,
            53.98741131
          ],
          [
            -122.89624707,
            53.9874291
          ],
          [
            -122.89618607,
            53.98744707
          ],
          [
            -122.89612507,
            53.98747394
          ],
          [
            -122.89601801,
            53.9875817
          ],
          [
            -122.89600232,
            53.98777942
          ],
          [
            -122.8959866,
            53.98794118
          ],
          [
            -122.89591021,
            53.98802206
          ],
          [
            -122.8957879,
            53.98810285
          ],
          [
            -122.89565051,
            53.9881476
          ],
          [
            -122.89529976,
            53.9881653
          ],
          [
            -122.89496412,
            53.98817402
          ],
          [
            -122.89482688,
            53.98817385
          ],
          [
            -122.89465914,
            53.98819174
          ],
          [
            -122.89433858,
            53.98829032
          ],
          [
            -122.89424695,
            53.9883172
          ],
          [
            -122.89394163,
            53.98845172
          ],
          [
            -122.89374295,
            53.98858635
          ],
          [
            -122.89374294,
            53.98859533
          ],
          [
            -122.89359028,
            53.98866712
          ],
          [
            -122.89330025,
            53.98874776
          ],
          [
            -122.89293395,
            53.98885531
          ],
          [
            -122.89275081,
            53.98891805
          ],
          [
            -122.89267441,
            53.98896259
          ],
          [
            -122.89246061,
            53.98907055
          ],
          [
            -122.89194137,
            53.98937574
          ],
          [
            -122.89169691,
            53.98953722
          ],
          [
            -122.8913913,
            53.98973476
          ],
          [
            -122.89126886,
            53.98991439
          ],
          [
            -122.89114625,
            53.990112
          ],
          [
            -122.8910697,
            53.99021975
          ],
          [
            -122.89088625,
            53.99039041
          ],
          [
            -122.8907333,
            53.99056105
          ],
          [
            -122.89059558,
            53.99071373
          ],
          [
            -122.89056986,
            53.9908487
          ]
        ]
      },
      "geometry_name": "GEOMETRY",
      "properties": {
        "FOREST_FILE_ID": "R11503",
        "ROAD_SECTION_ID": "3B",
        "START_STATION": 0,
        "END_STATION": 1.693,
        "TIMBER_MARK": "R11503",
        "ROAD_RESPONSIBILITY_TYPE_CODE": null,
        "RETIREMENT_DATE": "2017-08-14Z",
        "FEATURE_LENGTH": 1.693,
        "FEATURE_CLASS_SKEY": 767,
        "FILE_STATUS_CODE": "HC",
        "FILE_TYPE_CODE": "B01",
        "FILE_TYPE_DESCRIPTION": "Road Permit",
        "GEOGRAPHIC_DISTRICT_CODE": "DPG",
        "GEOGRAPHIC_DISTRICT_NAME": "Prince George Natural Resource District",
        "CLIENT_NUMBER": "00102900",
        "CLIENT_NAME": "NORDIC FOREST LTD.",
        "LIFE_CYCLE_STATUS_CODE": "RETIRED",
        "MAP_LABEL": "R11503 3B0",
        "FEATURE_LENGTH_M": 1693,
        "OBJECTID": 1572622,
        "SE_ANNO_CAD_DATA": null
      }
    },
    {
      "type": "Feature",
      "id": "WHSE_FOREST_TENURE.FTEN_ROAD_SEGMENT_LINES_SVW.fid--734e3ae_1a07f759aa4_-52ab",
      "geometry": {
        "type": "LineString",
        "coordinates": [
          [
            -123.00483265,
            53.96764613
          ],
          [
            -123.00461819,
            53.96764664
          ],
          [
            -123.00429735,
            53.96763804
          ],
          [
            -123.00396308,
            53.96762946
          ],
          [
            -123.00362763,
            53.96763889
          ],
          [
            -123.00361238,
            53.96763851
          ],
          [
            -123.00324631,
            53.96764834
          ],
          [
            -123.00287897,
            53.96764863
          ],
          [
            -123.002605,
            53.96767109
          ],
          [
            -123.00254406,
            53.96767611
          ],
          [
            -123.00217696,
            53.96773029
          ],
          [
            -123.00185747,
            53.96775796
          ],
          [
            -123.00179615,
            53.9677576
          ],
          [
            -123.00150609,
            53.96777602
          ],
          [
            -123.00118647,
            53.96780377
          ],
          [
            -123.00083514,
            53.96784877
          ],
          [
            -123.00057632,
            53.96785829
          ],
          [
            -123.00048439,
            53.96785844
          ],
          [
            -122.999997,
            53.96785026
          ],
          [
            -122.99999515,
            53.96785021
          ],
          [
            -122.99989994,
            53.96784399
          ],
          [
            -122.99883084,
            53.96784452
          ],
          [
            -122.99871505,
            53.96785121
          ],
          [
            -122.9986538,
            53.96786078
          ],
          [
            -122.99779376,
            53.96807058
          ],
          [
            -122.99772251,
            53.96809528
          ],
          [
            -122.99734312,
            53.96821302
          ],
          [
            -122.99714373,
            53.96827621
          ],
          [
            -122.9969468,
            53.96833031
          ],
          [
            -122.99668664,
            53.96841118
          ],
          [
            -122.99630535,
            53.96850197
          ],
          [
            -122.99610773,
            53.96853819
          ],
          [
            -122.99596936,
            53.9685742
          ],
          [
            -122.99572654,
            53.96862843
          ],
          [
            -122.99546626,
            53.96868285
          ],
          [
            -122.99508507,
            53.96877307
          ],
          [
            -122.99488679,
            53.96881828
          ],
          [
            -122.99471438,
            53.96885509
          ],
          [
            -122.99450606,
            53.96889956
          ],
          [
            -122.99430796,
            53.96894484
          ],
          [
            -122.99398873,
            53.9690581
          ],
          [
            -122.9939273,
            53.96907991
          ],
          [
            -122.99372972,
            53.96914369
          ],
          [
            -122.99336302,
            53.96926962
          ],
          [
            -122.99290618,
            53.96943222
          ],
          [
            -122.99278319,
            53.96946843
          ],
          [
            -122.99258494,
            53.96954061
          ],
          [
            -122.99232606,
            53.96963092
          ],
          [
            -122.99194488,
            53.96974804
          ],
          [
            -122.99172066,
            53.96981749
          ],
          [
            -122.9912907,
            53.96997891
          ],
          [
            -122.9911079,
            53.97006358
          ],
          [
            -122.9910345,
            53.97010993
          ],
          [
            -122.99068358,
            53.97039749
          ],
          [
            -122.99064995,
            53.97043313
          ],
          [
            -122.9905907,
            53.97051414
          ],
          [
            -122.99048304,
            53.97057721
          ],
          [
            -122.99025427,
            53.97070358
          ],
          [
            -122.99001135,
            53.9708117
          ],
          [
            -122.98973681,
            53.97091122
          ],
          [
            -122.98959957,
            53.97095622
          ],
          [
            -122.98932486,
            53.97102819
          ],
          [
            -122.98917309,
            53.97106439
          ],
          [
            -122.98888227,
            53.97111856
          ],
          [
            -122.98842493,
            53.97117343
          ],
          [
            -122.98825788,
            53.97118216
          ],
          [
            -122.98795229,
            53.97117394
          ],
          [
            -122.98778456,
            53.9711648
          ],
          [
            -122.98763078,
            53.97114717
          ],
          [
            -122.98732651,
            53.97109337
          ],
          [
            -122.98705081,
            53.97101268
          ],
          [
            -122.98691296,
            53.97095892
          ],
          [
            -122.98654654,
            53.97077918
          ],
          [
            -122.98636387,
            53.97062665
          ],
          [
            -122.98617202,
            53.97048
          ],
          [
            -122.98614129,
            53.97046111
          ],
          [
            -122.98569997,
            53.97018967
          ],
          [
            -122.98489865,
            53.969903
          ],
          [
            -122.98489261,
            53.96990142
          ],
          [
            -122.98470962,
            53.96983849
          ],
          [
            -122.98461812,
            53.96981151
          ],
          [
            -122.98435903,
            53.96971261
          ],
          [
            -122.98413045,
            53.96960472
          ],
          [
            -122.98381035,
            53.96940702
          ],
          [
            -122.98353601,
            53.96919123
          ],
          [
            -122.98338411,
            53.96902996
          ],
          [
            -122.98338318,
            53.96902924
          ],
          [
            -122.98291127,
            53.96852643
          ],
          [
            -122.98290626,
            53.96852239
          ],
          [
            -122.98260655,
            53.96830129
          ],
          [
            -122.98231697,
            53.96808559
          ],
          [
            -122.98216727,
            53.96792657
          ],
          [
            -122.98216369,
            53.96792368
          ],
          [
            -122.98215859,
            53.96791664
          ],
          [
            -122.98179887,
            53.96742018
          ],
          [
            -122.98189106,
            53.96683619
          ],
          [
            -122.98189348,
            53.96683091
          ],
          [
            -122.98215012,
            53.96626995
          ],
          [
            -122.98215017,
            53.96626983
          ],
          [
            -122.98222638,
            53.96604504
          ],
          [
            -122.98227213,
            53.96589247
          ],
          [
            -122.98231774,
            53.96566919
          ],
          [
            -122.9823182,
            53.96566756
          ],
          [
            -122.98237796,
            53.9654123
          ],
          [
            -122.9824402,
            53.96514653
          ],
          [
            -122.98266014,
            53.96473702
          ],
          [
            -122.98272982,
            53.96460727
          ],
          [
            -122.98292606,
            53.96430995
          ],
          [
            -122.98297406,
            53.96422979
          ],
          [
            -122.98306556,
            53.964095
          ],
          [
            -122.98312656,
            53.96400517
          ],
          [
            -122.98327906,
            53.96378045
          ],
          [
            -122.9833248,
            53.96371751
          ],
          [
            -122.98352305,
            53.96349289
          ],
          [
            -122.98362885,
            53.9633771
          ],
          [
            -122.9836298,
            53.9633759
          ],
          [
            -122.98363026,
            53.96337551
          ],
          [
            -122.98376705,
            53.9632143
          ],
          [
            -122.98400933,
            53.963052
          ],
          [
            -122.98402855,
            53.9630356
          ],
          [
            -122.98410913,
            53.96296683
          ],
          [
            -122.98417317,
            53.96290107
          ],
          [
            -122.98424279,
            53.96280937
          ],
          [
            -122.9844267,
            53.96241932
          ],
          [
            -122.9844459,
            53.96233363
          ],
          [
            -122.98447643,
            53.96225253
          ],
          [
            -122.98447683,
            53.96216277
          ],
          [
            -122.98446078,
            53.96211806
          ],
          [
            -122.98446159,
            53.96208221
          ],
          [
            -122.9843534,
            53.96192929
          ],
          [
            -122.98433866,
            53.96189295
          ],
          [
            -122.98430798,
            53.96183891
          ],
          [
            -122.98430712,
            53.96165934
          ],
          [
            -122.9843826,
            53.96147947
          ],
          [
            -122.98441374,
            53.96138931
          ],
          [
            -122.98444414,
            53.9612004
          ],
          [
            -122.98445805,
            53.96111041
          ],
          [
            -122.98445852,
            53.96110145
          ],
          [
            -122.9844424,
            53.96092161
          ],
          [
            -122.98439553,
            53.96074152
          ],
          [
            -122.98436556,
            53.96065152
          ],
          [
            -122.98427266,
            53.96047138
          ],
          [
            -122.98415059,
            53.96024697
          ],
          [
            -122.98402725,
            53.96001297
          ],
          [
            -122.98399647,
            53.95995882
          ],
          [
            -122.98393571,
            53.95986936
          ],
          [
            -122.98382971,
            53.95974338
          ],
          [
            -122.98381929,
            53.95972528
          ],
          [
            -122.9834387,
            53.95944142
          ],
          [
            -122.98327944,
            53.95937521
          ],
          [
            -122.98309444,
            53.95931246
          ],
          [
            -122.98272877,
            53.95909668
          ],
          [
            -122.98269802,
            53.95906954
          ],
          [
            -122.9825309,
            53.95899827
          ],
          [
            -122.98220866,
            53.95879146
          ],
          [
            -122.98187296,
            53.95863861
          ],
          [
            -122.98158197,
            53.95844988
          ],
          [
            -122.98129282,
            53.95831566
          ],
          [
            -122.98127606,
            53.95830628
          ],
          [
            -122.98118497,
            53.95827046
          ],
          [
            -122.980926,
            53.9581986
          ],
          [
            -122.98054451,
            53.95812727
          ],
          [
            -122.9803163,
            53.95808252
          ],
          [
            -122.98005605,
            53.95805565
          ],
          [
            -122.97970582,
            53.95802923
          ],
          [
            -122.97935386,
            53.95802927
          ],
          [
            -122.97921957,
            53.95802973
          ],
          [
            -122.97828602,
            53.95812968
          ],
          [
            -122.97807272,
            53.95815252
          ],
          [
            -122.97806952,
            53.95815286
          ],
          [
            -122.97806591,
            53.95815354
          ],
          [
            -122.97779472,
            53.95818902
          ],
          [
            -122.97756613,
            53.95824289
          ],
          [
            -122.97733753,
            53.95827886
          ],
          [
            -122.97704795,
            53.95834171
          ],
          [
            -122.97704341,
            53.95834305
          ],
          [
            -122.97616334,
            53.95852997
          ],
          [
            -122.97527488,
            53.95862806
          ],
          [
            -122.97526466,
            53.95862896
          ],
          [
            -122.97525873,
            53.95862963
          ],
          [
            -122.9743698,
            53.95869925
          ],
          [
            -122.97431965,
            53.95870064
          ],
          [
            -122.97412156,
            53.95871862
          ],
          [
            -122.97411961,
            53.95871904
          ],
          [
            -122.97305369,
            53.95889815
          ],
          [
            -122.97192724,
            53.95896068
          ],
          [
            -122.9709825,
            53.95894256
          ],
          [
            -122.97097425,
            53.95894056
          ],
          [
            -122.97061868,
            53.95885414
          ],
          [
            -122.97023445,
            53.95876076
          ],
          [
            -122.96994779,
            53.95869109
          ],
          [
            -122.96994588,
            53.95869063
          ],
          [
            -122.96994472,
            53.95869058
          ],
          [
            -122.96925511,
            53.95866354
          ],
          [
            -122.96904119,
            53.95865516
          ],
          [
            -122.96903127,
            53.9586545
          ],
          [
            -122.96880268,
            53.95862744
          ],
          [
            -122.96868068,
            53.95860046
          ],
          [
            -122.96851309,
            53.95856449
          ],
          [
            -122.96842174,
            53.9585555
          ],
          [
            -122.96808641,
            53.95855531
          ],
          [
            -122.96808252,
            53.95855531
          ],
          [
            -122.96715651,
            53.95854597
          ],
          [
            -122.96715402,
            53.9585458
          ],
          [
            -122.96677571,
            53.95850109
          ],
          [
            -122.96651662,
            53.95847401
          ],
          [
            -122.96649573,
            53.95847301
          ],
          [
            -122.96649706,
            53.95850145
          ],
          [
            -122.96595621,
            53.95846493
          ],
          [
            -122.96595267,
            53.95846469
          ],
          [
            -122.96595,
            53.95846493
          ],
          [
            -122.96534481,
            53.95851882
          ],
          [
            -122.96530686,
            53.9585222
          ],
          [
            -122.96494969,
            53.958554
          ],
          [
            -122.96494655,
            53.95855428
          ],
          [
            -122.96494356,
            53.95855465
          ],
          [
            -122.96444938,
            53.9586162
          ],
          [
            -122.96440774,
            53.95862139
          ],
          [
            -122.96386451,
            53.95868904
          ],
          [
            -122.96296567,
            53.95893155
          ],
          [
            -122.96229158,
            53.95907466
          ],
          [
            -122.96204979,
            53.95912598
          ],
          [
            -122.96203539,
            53.95912881
          ],
          [
            -122.9618524,
            53.95918269
          ],
          [
            -122.96166955,
            53.95925454
          ],
          [
            -122.96128944,
            53.95944265
          ],
          [
            -122.96128831,
            53.9594432
          ],
          [
            -122.96125202,
            53.95946908
          ],
          [
            -122.96099857,
            53.95964978
          ],
          [
            -122.96093758,
            53.95969475
          ],
          [
            -122.96089897,
            53.95971543
          ],
          [
            -122.96076984,
            53.95978459
          ],
          [
            -122.96043434,
            53.95999115
          ],
          [
            -122.96041796,
            53.96000273
          ],
          [
            -122.96035809,
            53.96004502
          ],
          [
            -122.96010099,
            53.96021915
          ],
          [
            -122.96005295,
            53.96025168
          ],
          [
            -122.95994621,
            53.96032354
          ],
          [
            -122.9599452,
            53.96032391
          ],
          [
            -122.95986224,
            53.96038225
          ],
          [
            -122.95979278,
            53.96043022
          ],
          [
            -122.95977845,
            53.96044003
          ],
          [
            -122.95977846,
            53.96044036
          ]
        ]
      },
      "geometry_name": "GEOMETRY",
      "properties": {
        "FOREST_FILE_ID": "R07566",
        "ROAD_SECTION_ID": "G",
        "START_STATION": 0,
        "END_STATION": 4.4618,
        "TIMBER_MARK": "R07566",
        "ROAD_RESPONSIBILITY_TYPE_CODE": null,
        "RETIREMENT_DATE": null,
        "FEATURE_LENGTH": 4.4618,
        "FEATURE_CLASS_SKEY": 767,
        "FILE_STATUS_CODE": "HI",
        "FILE_TYPE_CODE": "B01",
        "FILE_TYPE_DESCRIPTION": "Road Permit",
        "GEOGRAPHIC_DISTRICT_CODE": "DPG",
        "GEOGRAPHIC_DISTRICT_NAME": "Prince George Natural Resource District",
        "CLIENT_NUMBER": "00139734",
        "CLIENT_NAME": "NECHAKO RIVER HOLDINGS LTD.",
        "LIFE_CYCLE_STATUS_CODE": "ACTIVE",
        "MAP_LABEL": "R07566 G0",
        "FEATURE_LENGTH_M": 4461.7604,
        "OBJECTID": 1892651,
        "SE_ANNO_CAD_DATA": null
      }
    },
    {
      "type": "Feature",
      "id": "WHSE_FOREST_TENURE.FTEN_ROAD_SEGMENT_LINES_SVW.fid--734e3ae_1a07f759aa4_-52aa",
      "geometry": {
        "type": "LineString",
        "coordinates": [
          [
            -122.95969624,
            53.96056602
          ],
          [
            -122.95977803,
            53.96044034
          ],
          [
            -122.96043403,
            53.95999107
          ],
          [
            -122.96128837,
            53.95944311
          ],
          [
            -122.96203572,
            53.95912898
          ],
          [
            -122.96296567,
            53.95893156
          ],
          [
            -122.96386451,
            53.95868905
          ],
          [
            -122.96494655,
            53.95855429
          ],
          [
            -122.96595267,
            53.9584647
          ],
          [
            -122.96715651,
            53.95854598
          ],
          [
            -122.96808662,
            53.95855536
          ],
          [
            -122.96903114,
            53.95865477
          ],
          [
            -122.96994588,
            53.95869064
          ],
          [
            -122.9709825,
            53.95894257
          ],
          [
            -122.97192724,
            53.95896068
          ],
          [
            -122.97305369,
            53.95889815
          ],
          [
            -122.97412177,
            53.95871868
          ],
          [
            -122.97526548,
            53.95862911
          ],
          [
            -122.97616334,
            53.95852998
          ],
          [
            -122.97704855,
            53.95834197
          ],
          [
            -122.97806952,
            53.95815287
          ],
          [
            -122.97941015,
            53.95800933
          ],
          [
            -122.98037133,
            53.95806367
          ],
          [
            -122.98123866,
            53.95825242
          ],
          [
            -122.98192471,
            53.95862103
          ],
          [
            -122.98257891,
            53.95898098
          ],
          [
            -122.98332743,
            53.95935845
          ],
          [
            -122.98394565,
            53.95981952
          ],
          [
            -122.98431616,
            53.96045487
          ],
          [
            -122.98449975,
            53.96108443
          ],
          [
            -122.98434649,
            53.96164167
          ],
          [
            -122.98451364,
            53.96223495
          ],
          [
            -122.98420854,
            53.962882
          ],
          [
            -122.9836298,
            53.96337591
          ],
          [
            -122.98312722,
            53.96400515
          ],
          [
            -122.98272982,
            53.96460728
          ],
          [
            -122.9824402,
            53.96514654
          ],
          [
            -122.9823182,
            53.96566756
          ],
          [
            -122.98215017,
            53.96626984
          ],
          [
            -122.98189106,
            53.9668362
          ],
          [
            -122.98179887,
            53.96742019
          ],
          [
            -122.98216369,
            53.96792369
          ],
          [
            -122.98291127,
            53.96852644
          ],
          [
            -122.98338318,
            53.96902925
          ],
          [
            -122.98413093,
            53.96960397
          ],
          [
            -122.98489315,
            53.96990105
          ],
          [
            -122.98569997,
            53.97018968
          ],
          [
            -122.98637154,
            53.97060274
          ],
          [
            -122.98705659,
            53.97098922
          ],
          [
            -122.98795668,
            53.97115183
          ],
          [
            -122.98888595,
            53.97109711
          ],
          [
            -122.98974014,
            53.97089142
          ],
          [
            -122.99048694,
            53.97055862
          ],
          [
            -122.99111293,
            53.97004567
          ],
          [
            -122.99195012,
            53.96973135
          ],
          [
            -122.99278855,
            53.96945238
          ],
          [
            -122.99373532,
            53.96912902
          ],
          [
            -122.99489241,
            53.96880529
          ],
          [
            -122.99573182,
            53.96861768
          ],
          [
            -122.99669185,
            53.96840113
          ],
          [
            -122.99772777,
            53.96808669
          ],
          [
            -122.99872021,
            53.96784458
          ],
          [
            -123.00000105,
            53.96784395
          ],
          [
            -123.00048783,
            53.96785325
          ],
          [
            -123.00057963,
            53.96785273
          ],
          [
            -123.00083833,
            53.96784403
          ],
          [
            -123.0011895,
            53.96779895
          ],
          [
            -123.00150876,
            53.96777213
          ],
          [
            -123.00179871,
            53.96775411
          ],
          [
            -123.00185986,
            53.96775451
          ],
          [
            -123.00217912,
            53.96772769
          ],
          [
            -123.00254627,
            53.96767291
          ],
          [
            -123.00288081,
            53.96764648
          ],
          [
            -123.00324592,
            53.96764658
          ],
          [
            -123.00361934,
            53.96763735
          ],
          [
            -123.00396407,
            53.96762854
          ],
          [
            -123.00429983,
            53.967638
          ],
          [
            -123.00462036,
            53.96764653
          ],
          [
            -123.00467155,
            53.96764649
          ]
        ]
      },
      "geometry_name": "GEOMETRY",
      "properties": {
        "FOREST_FILE_ID": "R20313",
        "ROAD_SECTION_ID": "99",
        "START_STATION": 0,
        "END_STATION": 4.456,
        "TIMBER_MARK": "91484",
        "ROAD_RESPONSIBILITY_TYPE_CODE": null,
        "RETIREMENT_DATE": "2021-06-23Z",
        "FEATURE_LENGTH": 4.456,
        "FEATURE_CLASS_SKEY": 767,
        "FILE_STATUS_CODE": "HRS",
        "FILE_TYPE_CODE": "B01",
        "FILE_TYPE_DESCRIPTION": "Road Permit",
        "GEOGRAPHIC_DISTRICT_CODE": "DPG",
        "GEOGRAPHIC_DISTRICT_NAME": "Prince George Natural Resource District",
        "CLIENT_NUMBER": "00170006",
        "CLIENT_NAME": "BLACK JACK LOGGING LTD.",
        "LIFE_CYCLE_STATUS_CODE": "RETIRED",
        "MAP_LABEL": "R20313 990",
        "FEATURE_LENGTH_M": 4456.0002,
        "OBJECTID": 1799525,
        "SE_ANNO_CAD_DATA": null
      }
    },
    {
      "type": "Feature",
      "id": "WHSE_FOREST_TENURE.FTEN_ROAD_SEGMENT_LINES_SVW.fid--734e3ae_1a07f759aa4_-52a9",
      "geometry": {
        "type": "LineString",
        "coordinates": [
          [
            -122.95977846,
            53.96044037
          ],
          [
            -122.95977846,
            53.96043137
          ],
          [
            -122.95982436,
            53.96036842
          ],
          [
            -122.95994621,
            53.96032355
          ],
          [
            -122.96005295,
            53.96025169
          ],
          [
            -122.96035809,
            53.96004503
          ],
          [
            -122.96043434,
            53.95999116
          ],
          [
            -122.96076984,
            53.9597846
          ],
          [
            -122.96093757,
            53.95969475
          ],
          [
            -122.96099857,
            53.95964979
          ],
          [
            -122.96128831,
            53.95944321
          ],
          [
            -122.96166955,
            53.95925454
          ],
          [
            -122.9618524,
            53.9591827
          ],
          [
            -122.96203539,
            53.95912882
          ],
          [
            -122.96226398,
            53.95908394
          ],
          [
            -122.96237073,
            53.95904806
          ],
          [
            -122.96261472,
            53.9589942
          ],
          [
            -122.96296531,
            53.95893141
          ],
          [
            -122.96330064,
            53.95882338
          ],
          [
            -122.96352923,
            53.95876981
          ],
          [
            -122.96386458,
            53.95868896
          ],
          [
            -122.9641848,
            53.95863509
          ],
          [
            -122.96448965,
            53.95858132
          ],
          [
            -122.96458099,
            53.9585724
          ],
          [
            -122.96494682,
            53.9585545
          ],
          [
            -122.96531267,
            53.95849165
          ],
          [
            -122.96540416,
            53.95848275
          ],
          [
            -122.96572426,
            53.95846485
          ],
          [
            -122.96595285,
            53.95846494
          ],
          [
            -122.96633377,
            53.95846502
          ],
          [
            -122.96649421,
            53.95847294
          ],
          [
            -122.96651662,
            53.95847402
          ],
          [
            -122.96677571,
            53.9585011
          ],
          [
            -122.96715679,
            53.95854614
          ],
          [
            -122.96747672,
            53.95855522
          ],
          [
            -122.96776632,
            53.95855532
          ],
          [
            -122.96808641,
            53.95855531
          ],
          [
            -122.96842174,
            53.95855551
          ],
          [
            -122.96851308,
            53.9585645
          ],
          [
            -122.96868068,
            53.95860047
          ],
          [
            -122.96880268,
            53.95862745
          ],
          [
            -122.96903127,
            53.95865451
          ],
          [
            -122.96916836,
            53.95866351
          ],
          [
            -122.9693512,
            53.9586636
          ],
          [
            -122.96965603,
            53.9586636
          ],
          [
            -122.96994563,
            53.95869068
          ],
          [
            -122.97012847,
            53.95872665
          ],
          [
            -122.97046365,
            53.95883456
          ],
          [
            -122.97067699,
            53.95886152
          ],
          [
            -122.97098183,
            53.95894258
          ],
          [
            -122.97117993,
            53.95897855
          ],
          [
            -122.97137802,
            53.95897863
          ],
          [
            -122.9716676,
            53.95897872
          ],
          [
            -122.9719267,
            53.95896073
          ],
          [
            -122.97204869,
            53.95896082
          ],
          [
            -122.97241437,
            53.95895193
          ],
          [
            -122.97264312,
            53.95892503
          ],
          [
            -122.97274971,
            53.95891604
          ],
          [
            -122.97305455,
            53.95889814
          ],
          [
            -122.97335938,
            53.95885326
          ],
          [
            -122.97364897,
            53.95881739
          ],
          [
            -122.97374048,
            53.9587994
          ],
          [
            -122.97412156,
            53.95871863
          ],
          [
            -122.97431965,
            53.95870065
          ],
          [
            -122.97463974,
            53.95869175
          ],
          [
            -122.97494457,
            53.95866487
          ],
          [
            -122.97526466,
            53.95862897
          ],
          [
            -122.97556951,
            53.95860208
          ],
          [
            -122.97578284,
            53.95859309
          ],
          [
            -122.97616393,
            53.95853023
          ],
          [
            -122.97646877,
            53.95848544
          ],
          [
            -122.97657536,
            53.95845846
          ],
          [
            -122.97686496,
            53.95839559
          ],
          [
            -122.97704795,
            53.95834172
          ],
          [
            -122.97733753,
            53.95827887
          ],
          [
            -122.97756613,
            53.9582429
          ],
          [
            -122.97779472,
            53.95818903
          ],
          [
            -122.97806905,
            53.95815313
          ],
          [
            -122.97834354,
            53.95810826
          ],
          [
            -122.97860263,
            53.95807238
          ],
          [
            -122.97869399,
            53.95806339
          ],
          [
            -122.97941041,
            53.9580096
          ],
          [
            -122.97947124,
            53.9580096
          ],
          [
            -122.97976084,
            53.9580096
          ],
          [
            -122.98011143,
            53.95803667
          ],
          [
            -122.98037052,
            53.95806365
          ],
          [
            -122.98059911,
            53.95810861
          ],
          [
            -122.98098004,
            53.95818057
          ],
          [
            -122.98123913,
            53.95825251
          ],
          [
            -122.98133047,
            53.95828848
          ],
          [
            -122.98134572,
            53.95829748
          ],
          [
            -122.9816353,
            53.95843237
          ],
          [
            -122.98192475,
            53.95862115
          ],
          [
            -122.98225993,
            53.95877403
          ],
          [
            -122.98257986,
            53.95898079
          ],
          [
            -122.98274762,
            53.95905274
          ],
          [
            -122.98277796,
            53.95907973
          ],
          [
            -122.98314364,
            53.95929547
          ],
          [
            -122.98332664,
            53.95935842
          ],
          [
            -122.98369232,
            53.95951121
          ],
          [
            -122.98381417,
            53.95961912
          ],
          [
            -122.98385991,
            53.95969997
          ],
          [
            -122.98394562,
            53.95981932
          ],
          [
            -122.98407309,
            53.95999666
          ],
          [
            -122.9841341,
            53.96011347
          ],
          [
            -122.98419495,
            53.96023029
          ],
          [
            -122.98431679,
            53.96045502
          ],
          [
            -122.98433508,
            53.96049099
          ],
          [
            -122.98440813,
            53.96063479
          ],
          [
            -122.98443863,
            53.96072472
          ],
          [
            -122.98448424,
            53.96090449
          ],
          [
            -122.98449948,
            53.96108425
          ],
          [
            -122.98449948,
            53.96109324
          ],
          [
            -122.98448424,
            53.96118308
          ],
          [
            -122.98445358,
            53.96137184
          ],
          [
            -122.98442307,
            53.96146168
          ],
          [
            -122.98434683,
            53.96164143
          ],
          [
            -122.98434684,
            53.9618212
          ],
          [
            -122.98437718,
            53.96187515
          ],
          [
            -122.98439243,
            53.96191113
          ],
          [
            -122.98449917,
            53.96206391
          ],
          [
            -122.98451427,
            53.96214484
          ],
          [
            -122.98451427,
            53.96223469
          ],
          [
            -122.98448377,
            53.96231562
          ],
          [
            -122.98443803,
            53.96251326
          ],
          [
            -122.98434652,
            53.96270202
          ],
          [
            -122.98420928,
            53.96288178
          ],
          [
            -122.98410253,
            53.96298959
          ],
          [
            -122.98376705,
            53.96321431
          ],
          [
            -122.98362979,
            53.96337607
          ],
          [
            -122.98352305,
            53.9634929
          ],
          [
            -122.9833248,
            53.96371752
          ],
          [
            -122.98327906,
            53.96378046
          ],
          [
            -122.98312656,
            53.96400518
          ],
          [
            -122.98306556,
            53.96409501
          ],
          [
            -122.98297406,
            53.9642298
          ],
          [
            -122.98288256,
            53.96438257
          ],
          [
            -122.98273008,
            53.96460728
          ],
          [
            -122.98266892,
            53.96472408
          ],
          [
            -122.98251643,
            53.96494881
          ],
          [
            -122.98244018,
            53.96514653
          ],
          [
            -122.98236377,
            53.96537124
          ],
          [
            -122.98233328,
            53.96555098
          ],
          [
            -122.98231803,
            53.96566779
          ],
          [
            -122.98227213,
            53.96589248
          ],
          [
            -122.98222638,
            53.96604504
          ],
          [
            -122.98215013,
            53.96626996
          ],
          [
            -122.98205849,
            53.96649466
          ],
          [
            -122.98195173,
            53.96671935
          ],
          [
            -122.98189074,
            53.96683616
          ],
          [
            -122.98176858,
            53.96702488
          ],
          [
            -122.9817381,
            53.96712379
          ],
          [
            -122.98175334,
            53.96732152
          ],
          [
            -122.98179894,
            53.96742034
          ],
          [
            -122.98190552,
            53.96760016
          ],
          [
            -122.98196653,
            53.96768108
          ],
          [
            -122.98208838,
            53.96784283
          ],
          [
            -122.98213412,
            53.96788779
          ],
          [
            -122.98216462,
            53.96792376
          ],
          [
            -122.98231697,
            53.9680856
          ],
          [
            -122.98260655,
            53.9683013
          ],
          [
            -122.98291124,
            53.96852607
          ],
          [
            -122.98298749,
            53.968607
          ],
          [
            -122.98317032,
            53.96876876
          ],
          [
            -122.98324658,
            53.96885867
          ],
          [
            -122.98338367,
            53.9690295
          ],
          [
            -122.98353601,
            53.96919124
          ],
          [
            -122.98381035,
            53.96940703
          ],
          [
            -122.98413044,
            53.96960473
          ],
          [
            -122.98435903,
            53.96971262
          ],
          [
            -122.98461812,
            53.96981152
          ],
          [
            -122.98470962,
            53.9698385
          ],
          [
            -122.98489261,
            53.96990143
          ],
          [
            -122.9850297,
            53.96993739
          ],
          [
            -122.98531945,
            53.9700274
          ],
          [
            -122.98570038,
            53.97018893
          ],
          [
            -122.98582238,
            53.97025207
          ],
          [
            -122.98617297,
            53.97044987
          ],
          [
            -122.98637105,
            53.97060271
          ],
          [
            -122.9865539,
            53.97075555
          ],
          [
            -122.98691973,
            53.97093537
          ],
          [
            -122.98705698,
            53.9709891
          ],
          [
            -122.98733132,
            53.97107022
          ],
          [
            -122.98763615,
            53.97112417
          ],
          [
            -122.98778866,
            53.97114215
          ],
          [
            -122.98795639,
            53.97115114
          ],
          [
            -122.98826123,
            53.97116013
          ],
          [
            -122.98842898,
            53.97115124
          ],
          [
            -122.98858148,
            53.97113326
          ],
          [
            -122.98888632,
            53.97109729
          ],
          [
            -122.98917606,
            53.97104344
          ],
          [
            -122.9893284,
            53.97100747
          ],
          [
            -122.98960288,
            53.97093564
          ],
          [
            -122.98974013,
            53.97089068
          ],
          [
            -122.99001447,
            53.97079178
          ],
          [
            -122.99025846,
            53.97068399
          ],
          [
            -122.9904872,
            53.9705582
          ],
          [
            -122.99059395,
            53.97049527
          ],
          [
            -122.99065495,
            53.97041436
          ],
          [
            -122.99080745,
            53.97025262
          ],
          [
            -122.99089894,
            53.97018069
          ],
          [
            -122.99111229,
            53.97004591
          ],
          [
            -122.99146302,
            53.96988417
          ],
          [
            -122.99160027,
            53.96983921
          ],
          [
            -122.99195086,
            53.96973141
          ],
          [
            -122.99233195,
            53.96961453
          ],
          [
            -122.99259118,
            53.96952472
          ],
          [
            -122.99278943,
            53.9694528
          ],
          [
            -122.99298751,
            53.96938993
          ],
          [
            -122.99336861,
            53.96925507
          ],
          [
            -122.9937346,
            53.96912908
          ],
          [
            -122.99393268,
            53.96906635
          ],
          [
            -122.99431392,
            53.96893158
          ],
          [
            -122.99451202,
            53.96888662
          ],
          [
            -122.99489311,
            53.9688058
          ],
          [
            -122.99509135,
            53.96876084
          ],
          [
            -122.99547244,
            53.96867101
          ],
          [
            -122.99573168,
            53.96861707
          ],
          [
            -122.99611276,
            53.96852724
          ],
          [
            -122.99631085,
            53.96849128
          ],
          [
            -122.99669209,
            53.96840137
          ],
          [
            -122.99695118,
            53.96832054
          ],
          [
            -122.99714943,
            53.96826659
          ],
          [
            -122.99734751,
            53.96820344
          ],
          [
            -122.9977286,
            53.96808686
          ],
          [
            -122.99798785,
            53.96799695
          ],
          [
            -122.99827743,
            53.96791612
          ],
          [
            -122.99842992,
            53.96788914
          ],
          [
            -122.99871952,
            53.96784418
          ],
          [
            -122.99887201,
            53.96783519
          ],
          [
            -122.99919209,
            53.96781721
          ],
          [
            -122.99949693,
            53.9678262
          ],
          [
            -122.99986278,
            53.96783519
          ],
          [
            -123.00000002,
            53.96784418
          ]
        ]
      },
      "geometry_name": "GEOMETRY",
      "properties": {
        "FOREST_FILE_ID": "R13739",
        "ROAD_SECTION_ID": "C",
        "START_STATION": 0,
        "END_STATION": 4.1525,
        "TIMBER_MARK": "71856A",
        "ROAD_RESPONSIBILITY_TYPE_CODE": null,
        "RETIREMENT_DATE": "2010-06-30Z",
        "FEATURE_LENGTH": 4.1525,
        "FEATURE_CLASS_SKEY": 767,
        "FILE_STATUS_CODE": "HC",
        "FILE_TYPE_CODE": "B01",
        "FILE_TYPE_DESCRIPTION": "Road Permit",
        "GEOGRAPHIC_DISTRICT_CODE": "DPG",
        "GEOGRAPHIC_DISTRICT_NAME": "Prince George Natural Resource District",
        "CLIENT_NUMBER": "00131003",
        "CLIENT_NAME": "WIENS",
        "LIFE_CYCLE_STATUS_CODE": "RETIRED",
        "MAP_LABEL": "R13739 C0",
        "FEATURE_LENGTH_M": 4152.4786,
        "OBJECTID": 1558074,
        "SE_ANNO_CAD_DATA": null
      }
    },
    {
      "type": "Feature",
      "id": "WHSE_FOREST_TENURE.FTEN_ROAD_SEGMENT_LINES_SVW.fid--734e3ae_1a07f759aa4_-52a8",
      "geometry": {
        "type": "LineString",
        "coordinates": [
          [
            -122.99286416,
            53.98201132
          ],
          [
            -122.9800788,
            53.98201295
          ]
        ]
      },
      "geometry_name": "GEOMETRY",
      "properties": {
        "FOREST_FILE_ID": "R13828",
        "ROAD_SECTION_ID": "1A",
        "START_STATION": 0,
        "END_STATION": 0.8365,
        "TIMBER_MARK": "R13828",
        "ROAD_RESPONSIBILITY_TYPE_CODE": null,
        "RETIREMENT_DATE": null,
        "FEATURE_LENGTH": 0.8365,
        "FEATURE_CLASS_SKEY": 767,
        "FILE_STATUS_CODE": "HI",
        "FILE_TYPE_CODE": "B01",
        "FILE_TYPE_DESCRIPTION": "Road Permit",
        "GEOGRAPHIC_DISTRICT_CODE": "DPG",
        "GEOGRAPHIC_DISTRICT_NAME": "Prince George Natural Resource District",
        "CLIENT_NUMBER": "00001297",
        "CLIENT_NAME": "CARRIER LUMBER LTD.",
        "LIFE_CYCLE_STATUS_CODE": "ACTIVE",
        "MAP_LABEL": "R13828 1A0",
        "FEATURE_LENGTH_M": 836.5,
        "OBJECTID": 1559094,
        "SE_ANNO_CAD_DATA": null
      }
    },
    {
      "type": "Feature",
      "id": "WHSE_FOREST_TENURE.FTEN_ROAD_SEGMENT_LINES_SVW.fid--734e3ae_1a07f759aa4_-52a7",
      "geometry": {
        "type": "LineString",
        "coordinates": [
          [
            -122.97857015,
            53.92422384
          ],
          [
            -122.97884831,
            53.92431339
          ],
          [
            -122.97916794,
            53.92443931
          ],
          [
            -122.97928979,
            53.92452024
          ],
          [
            -122.97939638,
            53.92462815
          ],
          [
            -122.97947248,
            53.92475398
          ],
          [
            -122.97956366,
            53.92495172
          ],
          [
            -122.97968551,
            53.92507755
          ],
          [
            -122.9798377,
            53.92519447
          ],
          [
            -122.98014207,
            53.92541921
          ],
          [
            -122.98035526,
            53.92563495
          ],
          [
            -122.98052271,
            53.92581469
          ],
          [
            -122.98073574,
            53.92594961
          ],
          [
            -122.98090333,
            53.92602152
          ],
          [
            -122.98117721,
            53.92623726
          ],
          [
            -122.98120772,
            53.92628226
          ],
          [
            -122.98120772,
            53.92631817
          ],
          [
            -122.98120756,
            53.92654291
          ],
          [
            -122.98116181,
            53.92668665
          ],
          [
            -122.98113131,
            53.92674955
          ],
          [
            -122.98111958,
            53.92677286
          ],
          [
            -122.98103997,
            53.9269293
          ],
          [
            -122.98090272,
            53.92713601
          ],
          [
            -122.98087223,
            53.92726184
          ],
          [
            -122.98087207,
            53.92748658
          ],
          [
            -122.98090257,
            53.92770221
          ],
          [
            -122.98090242,
            53.92784603
          ],
          [
            -122.98090227,
            53.92806166
          ],
          [
            -122.98088701,
            53.9282865
          ],
          [
            -122.98078027,
            53.9284303
          ],
          [
            -122.98067367,
            53.92852912
          ],
          [
            -122.98064318,
            53.92857404
          ],
          [
            -122.98049083,
            53.92878975
          ],
          [
            -122.98030799,
            53.92894248
          ],
          [
            -122.980308,
            53.92894257
          ],
          [
            -122.98021649,
            53.92905939
          ],
          [
            -122.980186,
            53.92909531
          ],
          [
            -122.98014039,
            53.9291852
          ],
          [
            -122.9800184,
            53.92937393
          ],
          [
            -122.98001839,
            53.92951774
          ],
          [
            -122.97994215,
            53.92970647
          ],
          [
            -122.97993696,
            53.92971178
          ],
          [
            -122.97993407,
            53.92971483
          ],
          [
            -122.9798049,
            53.92985027
          ],
          [
            -122.97950022,
            53.93002991
          ],
          [
            -122.97924129,
            53.93011981
          ],
          [
            -122.9791347,
            53.93014672
          ],
          [
            -122.97883,
            53.93021853
          ],
          [
            -122.97861682,
            53.93029944
          ],
          [
            -122.97831213,
            53.93041625
          ],
          [
            -122.9781598,
            53.93049691
          ],
          [
            -122.97791595,
            53.93065878
          ],
          [
            -122.97762651,
            53.9307936
          ],
          [
            -122.97761127,
            53.9308385
          ],
          [
            -122.97765701,
            53.9309194
          ],
          [
            -122.97788529,
            53.93110822
          ],
          [
            -122.97805274,
            53.93120712
          ],
          [
            -122.97812898,
            53.93125212
          ],
          [
            -122.97815933,
            53.93131501
          ],
          [
            -122.97815933,
            53.93139591
          ],
          [
            -122.97809834,
            53.93162053
          ],
          [
            -122.97808293,
            53.93183624
          ],
          [
            -122.97808277,
            53.93206096
          ],
          [
            -122.97808278,
            53.93224075
          ],
          [
            -122.97809788,
            53.93232165
          ],
          [
            -122.97812822,
            53.93253736
          ],
          [
            -122.97812823,
            53.93262726
          ],
          [
            -122.97812807,
            53.93283395
          ],
          [
            -122.97809757,
            53.93293285
          ],
          [
            -122.97805183,
            53.93312156
          ],
          [
            -122.97799082,
            53.93325638
          ],
          [
            -122.97792982,
            53.93336417
          ],
          [
            -122.97779258,
            53.93358887
          ],
          [
            -122.97767058,
            53.93376866
          ],
          [
            -122.97759449,
            53.93391247
          ],
          [
            -122.97748775,
            53.93410116
          ],
          [
            -122.977381,
            53.93430786
          ],
          [
            -122.977259,
            53.93449656
          ],
          [
            -122.97716749,
            53.93458645
          ],
          [
            -122.97693907,
            53.93474816
          ],
          [
            -122.97675622,
            53.93484705
          ],
          [
            -122.97654288,
            53.93492786
          ],
          [
            -122.97623819,
            53.93502666
          ],
          [
            -122.9761316,
            53.93504465
          ],
          [
            -122.9760706,
            53.93506241
          ],
          [
            -122.97575067,
            53.93519736
          ],
          [
            -122.97562882,
            53.93523326
          ],
          [
            -122.97553733,
            53.93528716
          ],
          [
            -122.97520214,
            53.93544878
          ],
          [
            -122.97492795,
            53.93561065
          ],
          [
            -122.97460787,
            53.93581725
          ],
          [
            -122.97427268,
            53.93601494
          ],
          [
            -122.97418118,
            53.93605085
          ],
          [
            -122.9740136,
            53.93614075
          ],
          [
            -122.97367841,
            53.93632043
          ],
          [
            -122.97332797,
            53.93650012
          ],
          [
            -122.97306889,
            53.93662591
          ],
          [
            -122.97271844,
            53.93678761
          ],
          [
            -122.97248986,
            53.93691331
          ],
          [
            -122.97226126,
            53.9370571
          ],
          [
            -122.97216992,
            53.937129
          ],
          [
            -122.97215467,
            53.93717383
          ],
          [
            -122.97215452,
            53.93720089
          ],
          [
            -122.97212418,
            53.93720988
          ],
          [
            -122.97194133,
            53.93730868
          ],
          [
            -122.97192593,
            53.93750645
          ],
          [
            -122.97197152,
            53.93756035
          ],
          [
            -122.97210862,
            53.93760534
          ],
          [
            -122.97233705,
            53.93768632
          ],
          [
            -122.9723979,
            53.93773122
          ],
          [
            -122.97265685,
            53.937938
          ],
          [
            -122.97283952,
            53.93802798
          ],
          [
            -122.97309847,
            53.93811786
          ],
          [
            -122.9732354,
            53.93823474
          ],
          [
            -122.97328116,
            53.93827972
          ],
          [
            -122.9733115,
            53.93833363
          ],
          [
            -122.97347894,
            53.93855838
          ],
          [
            -122.97349419,
            53.93860337
          ],
          [
            -122.97361589,
            53.93882805
          ],
          [
            -122.97363098,
            53.93897191
          ],
          [
            -122.97361573,
            53.93912469
          ],
          [
            -122.97361574,
            53.93919659
          ],
          [
            -122.97360033,
            53.93924147
          ],
          [
            -122.97356984,
            53.93945724
          ],
          [
            -122.97346309,
            53.93965491
          ],
          [
            -122.97335633,
            53.93983468
          ],
          [
            -122.97318859,
            53.93997846
          ],
          [
            -122.97303625,
            53.94008625
          ],
          [
            -122.97273141,
            53.94029291
          ],
          [
            -122.97245707,
            53.94049957
          ],
          [
            -122.97238083,
            53.94053548
          ],
          [
            -122.97206089,
            53.94067926
          ],
          [
            -122.97187806,
            53.94077804
          ],
          [
            -122.97174081,
            53.94090383
          ],
          [
            -122.97158831,
            53.94109258
          ],
          [
            -122.97131397,
            53.94130824
          ],
          [
            -122.97125297,
            53.94139812
          ],
          [
            -122.97123772,
            53.94141602
          ],
          [
            -122.97100913,
            53.94157779
          ],
          [
            -122.97088713,
            53.94171257
          ],
          [
            -122.97073464,
            53.94191922
          ],
          [
            -122.97062789,
            53.94208999
          ],
          [
            -122.97052115,
            53.94227874
          ],
          [
            -122.9704754,
            53.94233263
          ],
          [
            -122.9703229,
            53.94253038
          ],
          [
            -122.97017041,
            53.94271904
          ],
          [
            -122.97009415,
            53.94286281
          ],
          [
            -122.96997216,
            53.94306041
          ],
          [
            -122.96985001,
            53.9432493
          ],
          [
            -122.96975852,
            53.94343798
          ],
          [
            -122.96972801,
            53.94356383
          ],
          [
            -122.96971261,
            53.94377957
          ],
          [
            -122.96971246,
            53.94397722
          ],
          [
            -122.96974281,
            53.94409408
          ],
          [
            -122.96980365,
            53.94427393
          ],
          [
            -122.96980365,
            53.94428293
          ],
          [
            -122.96984925,
            53.94448066
          ],
          [
            -122.96984909,
            53.94453454
          ],
          [
            -122.96984895,
            53.94474129
          ],
          [
            -122.96984895,
            53.94492102
          ],
          [
            -122.96983355,
            53.9449929
          ],
          [
            -122.96981829,
            53.94518164
          ],
          [
            -122.96975714,
            53.94535249
          ],
          [
            -122.9696809,
            53.94553213
          ],
          [
            -122.96961989,
            53.945631
          ],
          [
            -122.96960449,
            53.94568498
          ],
          [
            -122.96955875,
            53.94586473
          ],
          [
            -122.96949775,
            53.94599049
          ],
          [
            -122.96943659,
            53.94613434
          ],
          [
            -122.96940609,
            53.94618823
          ],
          [
            -122.9693756,
            53.94631408
          ],
          [
            -122.96931445,
            53.94649381
          ],
          [
            -122.96928395,
            53.94654771
          ],
          [
            -122.9691772,
            53.94673643
          ],
          [
            -122.96913145,
            53.94686229
          ],
          [
            -122.9690703,
            53.94704203
          ],
          [
            -122.96896355,
            53.94717677
          ],
          [
            -122.96888716,
            53.94736552
          ],
          [
            -122.96878041,
            53.94757223
          ],
          [
            -122.96868891,
            53.94768908
          ],
          [
            -122.96856692,
            53.94786873
          ],
          [
            -122.96842952,
            53.94807546
          ],
          [
            -122.96830752,
            53.94822819
          ],
          [
            -122.96813979,
            53.94842592
          ],
          [
            -122.96803303,
            53.94861464
          ],
          [
            -122.96797203,
            53.94867751
          ],
          [
            -122.96768244,
            53.94887524
          ],
          [
            -122.96762144,
            53.94893811
          ],
          [
            -122.96736221,
            53.94915374
          ],
          [
            -122.96710296,
            53.94932446
          ],
          [
            -122.96698112,
            53.94942332
          ],
          [
            -122.96679797,
            53.94962994
          ],
          [
            -122.96661498,
            53.94985455
          ],
          [
            -122.96647774,
            53.95002537
          ],
          [
            -122.96632585,
            53.95020438
          ],
          [
            -122.9663257,
            53.95020438
          ],
          [
            -122.96632569,
            53.95020446
          ],
          [
            -122.96632569,
            53.95020455
          ],
          [
            -122.96632553,
            53.95020455
          ],
          [
            -122.96632554,
            53.95020465
          ]
        ]
      },
      "geometry_name": "GEOMETRY",
      "properties": {
        "FOREST_FILE_ID": "R07566",
        "ROAD_SECTION_ID": "B",
        "START_STATION": 0,
        "END_STATION": 3.4131,
        "TIMBER_MARK": "R07566",
        "ROAD_RESPONSIBILITY_TYPE_CODE": null,
        "RETIREMENT_DATE": null,
        "FEATURE_LENGTH": 3.4131,
        "FEATURE_CLASS_SKEY": 767,
        "FILE_STATUS_CODE": "HI",
        "FILE_TYPE_CODE": "B01",
        "FILE_TYPE_DESCRIPTION": "Road Permit",
        "GEOGRAPHIC_DISTRICT_CODE": "DPG",
        "GEOGRAPHIC_DISTRICT_NAME": "Prince George Natural Resource District",
        "CLIENT_NUMBER": "00139734",
        "CLIENT_NAME": "NECHAKO RIVER HOLDINGS LTD.",
        "LIFE_CYCLE_STATUS_CODE": "ACTIVE",
        "MAP_LABEL": "R07566 B0",
        "FEATURE_LENGTH_M": 3413.0856,
        "OBJECTID": 1609625,
        "SE_ANNO_CAD_DATA": null
      }
    },
    {
      "type": "Feature",
      "id": "WHSE_FOREST_TENURE.FTEN_ROAD_SEGMENT_LINES_SVW.fid--734e3ae_1a07f759aa4_-52a6",
      "geometry": {
        "type": "LineString",
        "coordinates": [
          [
            -122.95977846,
            53.96044037
          ],
          [
            -122.95974795,
            53.96044036
          ],
          [
            -122.95973271,
            53.96044036
          ],
          [
            -122.95947378,
            53.96038632
          ],
          [
            -122.95929078,
            53.96037723
          ],
          [
            -122.95895559,
            53.9602873
          ],
          [
            -122.9588795,
            53.96026024
          ],
          [
            -122.9586814,
            53.96012543
          ],
          [
            -122.95859006,
            53.96002651
          ],
          [
            -122.95857496,
            53.95997255
          ],
          [
            -122.95854462,
            53.95981976
          ],
          [
            -122.95852937,
            53.95976581
          ],
          [
            -122.95854492,
            53.95955014
          ],
          [
            -122.95854507,
            53.95935239
          ],
          [
            -122.95852998,
            53.95919061
          ],
          [
            -122.95843863,
            53.95899284
          ],
          [
            -122.95839303,
            53.95886702
          ],
          [
            -122.95825609,
            53.95865118
          ],
          [
            -122.95822575,
            53.95859731
          ],
          [
            -122.9581193,
            53.95838158
          ],
          [
            -122.95804322,
            53.95823768
          ],
          [
            -122.95801287,
            53.95813884
          ],
          [
            -122.95790627,
            53.95799494
          ],
          [
            -122.95766274,
            53.95777019
          ],
          [
            -122.9575865,
            53.95768925
          ],
          [
            -122.95754089,
            53.95765312
          ],
          [
            -122.9573428,
            53.95753636
          ],
          [
            -122.95711451,
            53.95735658
          ],
          [
            -122.95702302,
            53.95730262
          ],
          [
            -122.95696217,
            53.95728463
          ],
          [
            -122.95685558,
            53.95721268
          ],
          [
            -122.95668813,
            53.95698784
          ],
          [
            -122.95664239,
            53.95694298
          ],
          [
            -122.95656645,
            53.95679009
          ],
          [
            -122.95656646,
            53.95670022
          ],
          [
            -122.9565666,
            53.95659239
          ],
          [
            -122.95653611,
            53.95653843
          ],
          [
            -122.95644476,
            53.95646648
          ],
          [
            -122.95638391,
            53.95634066
          ],
          [
            -122.95638421,
            53.95616088
          ],
          [
            -122.95638437,
            53.9559452
          ],
          [
            -122.95641502,
            53.95581038
          ],
          [
            -122.95653702,
            53.95566657
          ],
          [
            -122.95661342,
            53.95560371
          ],
          [
            -122.95665901,
            53.95558572
          ],
          [
            -122.9570401,
            53.95552293
          ],
          [
            -122.95732968,
            53.95546916
          ],
          [
            -122.95748219,
            53.95542427
          ],
          [
            -122.95774128,
            53.95537939
          ],
          [
            -122.95790887,
            53.95536149
          ],
          [
            -122.9581986,
            53.95528972
          ],
          [
            -122.95851869,
            53.95519096
          ],
          [
            -122.95876254,
            53.95511012
          ],
          [
            -122.95903702,
            53.95499337
          ],
          [
            -122.95926562,
            53.9549215
          ],
          [
            -122.9596316,
            53.95476888
          ],
          [
            -122.95976885,
            53.95467902
          ],
          [
            -122.95998234,
            53.95446343
          ],
          [
            -122.96013484,
            53.95431962
          ],
          [
            -122.96030273,
            53.95412201
          ],
          [
            -122.96039424,
            53.95401417
          ],
          [
            -122.96051638,
            53.95380749
          ],
          [
            -122.96059263,
            53.95372662
          ],
          [
            -122.96076038,
            53.95361877
          ],
          [
            -122.96094321,
            53.95352893
          ],
          [
            -122.96117196,
            53.95345715
          ],
          [
            -122.9613092,
            53.95339428
          ],
          [
            -122.96131759,
            53.95339243
          ]
        ]
      },
      "geometry_name": "GEOMETRY",
      "properties": {
        "FOREST_FILE_ID": "R07566",
        "ROAD_SECTION_ID": "A",
        "START_STATION": 0,
        "END_STATION": 1.0453,
        "TIMBER_MARK": "R07566",
        "ROAD_RESPONSIBILITY_TYPE_CODE": null,
        "RETIREMENT_DATE": null,
        "FEATURE_LENGTH": 1.0453,
        "FEATURE_CLASS_SKEY": 767,
        "FILE_STATUS_CODE": "HI",
        "FILE_TYPE_CODE": "B01",
        "FILE_TYPE_DESCRIPTION": "Road Permit",
        "GEOGRAPHIC_DISTRICT_CODE": "DPG",
        "GEOGRAPHIC_DISTRICT_NAME": "Prince George Natural Resource District",
        "CLIENT_NUMBER": "00139734",
        "CLIENT_NAME": "NECHAKO RIVER HOLDINGS LTD.",
        "LIFE_CYCLE_STATUS_CODE": "ACTIVE",
        "MAP_LABEL": "R07566 A0",
        "FEATURE_LENGTH_M": 1045.2524,
        "OBJECTID": 1609627,
        "SE_ANNO_CAD_DATA": null
      }
    }
  ],
  "totalFeatures": 10,
  "numberMatched": 10,
  "numberReturned": 10,
  "timeStamp": "2026-09-08T05:41:25.491Z",
  "crs": {
    "type": "name",
    "properties": {
      "name": "urn:ogc:def:crs:EPSG::4326"
    }
  }
}
